gene,mutation,peptide,best_sub_peptide,hla_allele,percentile_rank,ic50_nM,binding_strength,frequency_note
TP53,G245V,YMCNSSCMGV,MCNSSCMGV,HLA-A*02:01,9.6,429.2,边缘结合,TCGA 热点
TP53,G245V,YMCNSSCMGV,MCNSSCMGV,HLA-A*11:01,37.0,47619.0,不结合,TCGA 热点
TP53,G245V,YMCNSSCMGV,MCNSSCMGV,HLA-A*24:02,44.0,90909.1,不结合,TCGA 热点
TP53,G245V,YMCNSSCMGV,MCNSSCMGV,HLA-A*03:01,36.0,18181.8,不结合,TCGA 热点
TP53,R273H,LLGRNSFEH,LLGRNSFEH,HLA-A*02:01,20.0,2267.6,不结合,TCGA 热点
TP53,R273H,LLGRNSFEH,LLGRNSFEH,HLA-A*11:01,8.0,595.2,边缘结合,TCGA 热点
TP53,R273H,LLGRNSFEH,LLGRNSFEH,HLA-A*24:02,17.0,5649.7,不结合,TCGA 热点
TP53,R273H,LLGRNSFEH,LLGRNSFEH,HLA-A*03:01,3.9,65.8,边缘结合,TCGA 热点
TP53,R175H,YMCNSSCMGV,MCNSSCMGV,HLA-A*02:01,9.6,429.2,边缘结合,TCGA 热点
TP53,R175H,YMCNSSCMGV,MCNSSCMGV,HLA-A*11:01,37.0,47619.0,不结合,TCGA 热点
TP53,R175H,YMCNSSCMGV,MCNSSCMGV,HLA-A*24:02,44.0,90909.1,不结合,TCGA 热点
TP53,R175H,YMCNSSCMGV,MCNSSCMGV,HLA-A*03:01,36.0,18181.8,不结合,TCGA 热点
GNAQ,T96S,SLFQLLGV,,HLA-A*02:01,100.0,999999,不结合,中国 GC 复现
GNAQ,T96S,SLFQLLGV,,HLA-A*11:01,100.0,999999,不结合,中国 GC 复现
GNAQ,T96S,SLFQLLGV,,HLA-A*24:02,100.0,999999,不结合,中国 GC 复现
GNAQ,T96S,SLFQLLGV,,HLA-A*03:01,100.0,999999,不结合,中国 GC 复现
PIK3CA,H1047Y,YGWTNVKMD,YGWTNVKMD,HLA-A*02:01,69.0,125000.0,不结合,TCGA 热点
PIK3CA,H1047Y,YGWTNVKMD,YGWTNVKMD,HLA-A*11:01,88.0,1000000.0,不结合,TCGA 热点
PIK3CA,H1047Y,YGWTNVKMD,YGWTNVKMD,HLA-A*24:02,74.0,500000.0,不结合,TCGA 热点
PIK3CA,H1047Y,YGWTNVKMD,YGWTNVKMD,HLA-A*03:01,96.0,1000000.0,不结合,TCGA 热点
PIK3CA,V344M,TIWNLALNM,TIWNLALNM,HLA-A*02:01,2.1,20.2,边缘结合,TCGA 热点
PIK3CA,V344M,TIWNLALNM,TIWNLALNM,HLA-A*11:01,6.2,283.3,边缘结合,TCGA 热点
PIK3CA,V344M,TIWNLALNM,TIWNLALNM,HLA-A*24:02,9.2,1353.2,边缘结合,TCGA 热点
PIK3CA,V344M,TIWNLALNM,TIWNLALNM,HLA-A*03:01,6.1,193.4,边缘结合,TCGA 热点
KRAS,G12D,MTEYKLVVD,MTEYKLVVD,HLA-A*02:01,64.0,90909.1,不结合,TCGA 热点
KRAS,G12D,MTEYKLVVD,MTEYKLVVD,HLA-A*11:01,49.0,111111.1,不结合,TCGA 热点
KRAS,G12D,MTEYKLVVD,MTEYKLVVD,HLA-A*24:02,66.0,333333.3,不结合,TCGA 热点
KRAS,G12D,MTEYKLVVD,MTEYKLVVD,HLA-A*03:01,68.0,142857.1,不结合,TCGA 热点
KRAS,G12V,MTEYKLVVV,MTEYKLVVV,HLA-A*02:01,4.0,62.9,边缘结合,TCGA 热点
KRAS,G12V,MTEYKLVVV,MTEYKLVVV,HLA-A*11:01,17.0,4926.1,不结合,TCGA 热点
KRAS,G12V,MTEYKLVVV,MTEYKLVVV,HLA-A*24:02,20.0,9174.3,不结合,TCGA 热点
KRAS,G12V,MTEYKLVVV,MTEYKLVVV,HLA-A*03:01,22.0,4784.7,不结合,TCGA 热点
ARID1A,Q1327*,PLLLSLLG,,HLA-A*02:01,100.0,999999,不结合,中国 GC 高频
ARID1A,Q1327*,PLLLSLLG,,HLA-A*11:01,100.0,999999,不结合,中国 GC 高频
ARID1A,Q1327*,PLLLSLLG,,HLA-A*24:02,100.0,999999,不结合,中国 GC 高频
ARID1A,Q1327*,PLLLSLLG,,HLA-A*03:01,100.0,999999,不结合,中国 GC 高频
FAT4,Q453L,ELRKVALLD,ELRKVALLD,HLA-A*02:01,47.0,28571.4,不结合,中国 GC
FAT4,Q453L,ELRKVALLD,ELRKVALLD,HLA-A*11:01,68.0,333333.3,不结合,中国 GC
FAT4,Q453L,ELRKVALLD,ELRKVALLD,HLA-A*24:02,74.0,500000.0,不结合,中国 GC
FAT4,Q453L,ELRKVALLD,ELRKVALLD,HLA-A*03:01,50.0,47619.0,不结合,中国 GC
