gene,protein_change,peptide,n_patients,swiss_id
KRT75,p.R429P,KQDMAPLLREY,30,K2C75_HUMAN
KRT75,p.R429P,AKQDMAPLLR,30,K2C75_HUMAN
KRT75,p.R429P,AKQDMAPLLRE,30,K2C75_HUMAN
KRT75,p.R429P,APLLREYQELM,30,K2C75_HUMAN
KRT75,p.R429P,LQKAKQDMAP,30,K2C75_HUMAN
KRT75,p.R429P,KAKQDMAPLL,30,K2C75_HUMAN
KRT75,p.R429P,PLLREYQELM,30,K2C75_HUMAN
KRT75,p.R429P,PLLREYQEL,30,K2C75_HUMAN
KRT75,p.R429P,KQDMAPLLRE,30,K2C75_HUMAN
KRT75,p.R429P,APLLREYQEL,30,K2C75_HUMAN
KRT75,p.R429P,QDMAPLLREYQ,30,K2C75_HUMAN
KRT75,p.R429P,LQKAKQDMAPL,30,K2C75_HUMAN
KRT75,p.R429P,ALQKAKQDMAP,30,K2C75_HUMAN
KRT75,p.R429P,PLLREYQELMN,30,K2C75_HUMAN
KRT75,p.R429P,KQDMAPLLR,30,K2C75_HUMAN
KRT75,p.R429P,MAPLLREYQEL,30,K2C75_HUMAN
KRT75,p.R429P,MAPLLREYQE,30,K2C75_HUMAN
KRT75,p.R429P,KAKQDMAPL,30,K2C75_HUMAN
KRT75,p.R429P,QKAKQDMAP,30,K2C75_HUMAN
KRT75,p.R429P,MAPLLREYQ,30,K2C75_HUMAN
KRT75,p.R429P,QDMAPLLRE,30,K2C75_HUMAN
KRT75,p.R429P,DMAPLLREY,30,K2C75_HUMAN
KRT75,p.R429P,KAKQDMAPLLR,30,K2C75_HUMAN
KRT75,p.R429P,QKAKQDMAPLL,30,K2C75_HUMAN
KRT75,p.R429P,QKAKQDMAPL,30,K2C75_HUMAN
KRT75,p.R429P,QDMAPLLREY,30,K2C75_HUMAN
KRT75,p.R429P,DMAPLLREYQ,30,K2C75_HUMAN
KRT75,p.R429P,AKQDMAPLL,30,K2C75_HUMAN
KRT75,p.R429P,APLLREYQE,30,K2C75_HUMAN
KRT75,p.R429P,DMAPLLREYQE,30,K2C75_HUMAN
HSPG2,p.G1260A,AQPCQRDSQV,27,PGBM_HUMAN
HSPG2,p.G1260A,NPSQAQPCQRD,27,PGBM_HUMAN
HSPG2,p.G1260A,GNPSQAQPCQ,27,PGBM_HUMAN
HSPG2,p.G1260A,PSQAQPCQRD,27,PGBM_HUMAN
HSPG2,p.G1260A,GYYGNPSQAQP,27,PGBM_HUMAN
HSPG2,p.G1260A,YYGNPSQAQ,27,PGBM_HUMAN
HSPG2,p.G1260A,YGNPSQAQPC,27,PGBM_HUMAN
HSPG2,p.G1260A,YGNPSQAQPCQ,27,PGBM_HUMAN
HSPG2,p.G1260A,PSQAQPCQR,27,PGBM_HUMAN
HSPG2,p.G1260A,GNPSQAQPCQR,27,PGBM_HUMAN
HSPG2,p.G1260A,APGYYGNPSQA,27,PGBM_HUMAN
HSPG2,p.G1260A,QAQPCQRDSQ,27,PGBM_HUMAN
HSPG2,p.G1260A,GYYGNPSQA,27,PGBM_HUMAN
HSPG2,p.G1260A,AQPCQRDSQ,27,PGBM_HUMAN
HSPG2,p.G1260A,AQPCQRDSQVP,27,PGBM_HUMAN
HSPG2,p.G1260A,QAQPCQRDSQV,27,PGBM_HUMAN
HSPG2,p.G1260A,YGNPSQAQP,27,PGBM_HUMAN
HSPG2,p.G1260A,GNPSQAQPC,27,PGBM_HUMAN
HSPG2,p.G1260A,GYYGNPSQAQ,27,PGBM_HUMAN
HSPG2,p.G1260A,PSQAQPCQRDS,27,PGBM_HUMAN
HSPG2,p.G1260A,YYGNPSQAQPC,27,PGBM_HUMAN
HSPG2,p.G1260A,PGYYGNPSQAQ,27,PGBM_HUMAN
HSPG2,p.G1260A,SQAQPCQRD,27,PGBM_HUMAN
HSPG2,p.G1260A,YYGNPSQAQP,27,PGBM_HUMAN
HSPG2,p.G1260A,NPSQAQPCQR,27,PGBM_HUMAN
HSPG2,p.G1260A,SQAQPCQRDSQ,27,PGBM_HUMAN
HSPG2,p.G1260A,QAQPCQRDS,27,PGBM_HUMAN
HSPG2,p.G1260A,PGYYGNPSQA,27,PGBM_HUMAN
HSPG2,p.G1260A,SQAQPCQRDS,27,PGBM_HUMAN
HSPG2,p.G1260A,NPSQAQPCQ,27,PGBM_HUMAN
PGM5,p.I98V,NGVLSTPAV,25,PGM5_HUMAN
PGM5,p.I98V,GRLIIGQNGV,25,PGM5_HUMAN
PGM5,p.I98V,IIGQNGVLST,25,PGM5_HUMAN
PGM5,p.I98V,IGRLIIGQNGV,25,PGM5_HUMAN
PGM5,p.I98V,IGQNGVLST,25,PGM5_HUMAN
PGM5,p.I98V,VLSTPAVSC,25,PGM5_HUMAN
PGM5,p.I98V,VLSTPAVSCII,25,PGM5_HUMAN
PGM5,p.I98V,GQNGVLSTP,25,PGM5_HUMAN
PGM5,p.I98V,GVLSTPAVS,25,PGM5_HUMAN
PGM5,p.I98V,IGQNGVLSTP,25,PGM5_HUMAN
PGM5,p.I98V,RLIIGQNGVL,25,PGM5_HUMAN
PGM5,p.I98V,QNGVLSTPAV,25,PGM5_HUMAN
PGM5,p.I98V,QNGVLSTPAVS,25,PGM5_HUMAN
PGM5,p.I98V,QNGVLSTPA,25,PGM5_HUMAN
PGM5,p.I98V,NGVLSTPAVS,25,PGM5_HUMAN
PGM5,p.I98V,GVLSTPAVSC,25,PGM5_HUMAN
PGM5,p.I98V,VLSTPAVSCI,25,PGM5_HUMAN
PGM5,p.I98V,NGVLSTPAVSC,25,PGM5_HUMAN
PGM5,p.I98V,IIGQNGVLSTP,25,PGM5_HUMAN
PGM5,p.I98V,IIGQNGVLS,25,PGM5_HUMAN
PGM5,p.I98V,LIIGQNGVLST,25,PGM5_HUMAN
PGM5,p.I98V,GRLIIGQNGVL,25,PGM5_HUMAN
PGM5,p.I98V,GQNGVLSTPA,25,PGM5_HUMAN
PGM5,p.I98V,IGQNGVLSTPA,25,PGM5_HUMAN
PGM5,p.I98V,RLIIGQNGV,25,PGM5_HUMAN
PGM5,p.I98V,GQNGVLSTPAV,25,PGM5_HUMAN
PGM5,p.I98V,GVLSTPAVSCI,25,PGM5_HUMAN
PGM5,p.I98V,LIIGQNGVL,25,PGM5_HUMAN
PGM5,p.I98V,RLIIGQNGVLS,25,PGM5_HUMAN
PGM5,p.I98V,LIIGQNGVLS,25,PGM5_HUMAN
BRD8,p.G225C,ESEMAVASCH,22,BRD8_HUMAN
BRD8,p.G225C,SEMAVASCHLN,22,BRD8_HUMAN
BRD8,p.G225C,ASCHLNSTG,22,BRD8_HUMAN
BRD8,p.G225C,ASCHLNSTGV,22,BRD8_HUMAN
BRD8,p.G225C,EMAVASCHLN,22,BRD8_HUMAN
BRD8,p.G225C,EMAVASCHL,22,BRD8_HUMAN
BRD8,p.G225C,NESEMAVASCH,22,BRD8_HUMAN
BRD8,p.G225C,VASCHLNSTG,22,BRD8_HUMAN
BRD8,p.G225C,AVASCHLNST,22,BRD8_HUMAN
BRD8,p.G225C,CHLNSTGVL,22,BRD8_HUMAN
BRD8,p.G225C,ASCHLNSTGVL,22,BRD8_HUMAN
BRD8,p.G225C,ESEMAVASC,22,BRD8_HUMAN
BRD8,p.G225C,VASCHLNSTGV,22,BRD8_HUMAN
BRD8,p.G225C,CHLNSTGVLLE,22,BRD8_HUMAN
BRD8,p.G225C,SCHLNSTGV,22,BRD8_HUMAN
BRD8,p.G225C,AVASCHLNS,22,BRD8_HUMAN
BRD8,p.G225C,NESEMAVASC,22,BRD8_HUMAN
BRD8,p.G225C,SCHLNSTGVL,22,BRD8_HUMAN
BRD8,p.G225C,ESEMAVASCHL,22,BRD8_HUMAN
BRD8,p.G225C,VNESEMAVASC,22,BRD8_HUMAN
BRD8,p.G225C,VASCHLNST,22,BRD8_HUMAN
BRD8,p.G225C,MAVASCHLN,22,BRD8_HUMAN
BRD8,p.G225C,MAVASCHLNST,22,BRD8_HUMAN
BRD8,p.G225C,AVASCHLNSTG,22,BRD8_HUMAN
BRD8,p.G225C,SEMAVASCH,22,BRD8_HUMAN
BRD8,p.G225C,SEMAVASCHL,22,BRD8_HUMAN
BRD8,p.G225C,MAVASCHLNS,22,BRD8_HUMAN
BRD8,p.G225C,CHLNSTGVLL,22,BRD8_HUMAN
BRD8,p.G225C,SCHLNSTGVLL,22,BRD8_HUMAN
BRD8,p.G225C,EMAVASCHLNS,22,BRD8_HUMAN
OBSCN,p.A1274G,RTEAGGSATL,22,OBSCN_HUMAN
OBSCN,p.A1274G,GGSATLSCEV,22,OBSCN_HUMAN
OBSCN,p.A1274G,NEVRTEAGGSA,22,OBSCN_HUMAN
OBSCN,p.A1274G,TEAGGSATL,22,OBSCN_HUMAN
OBSCN,p.A1274G,HNEVRTEAGGS,22,OBSCN_HUMAN
OBSCN,p.A1274G,RTEAGGSATLS,22,OBSCN_HUMAN
OBSCN,p.A1274G,EVRTEAGGSAT,22,OBSCN_HUMAN
OBSCN,p.A1274G,GGSATLSCE,22,OBSCN_HUMAN
OBSCN,p.A1274G,GSATLSCEVA,22,OBSCN_HUMAN
OBSCN,p.A1274G,AGGSATLSC,22,OBSCN_HUMAN
OBSCN,p.A1274G,TEAGGSATLSC,22,OBSCN_HUMAN
OBSCN,p.A1274G,TEAGGSATLS,22,OBSCN_HUMAN
OBSCN,p.A1274G,EAGGSATLSC,22,OBSCN_HUMAN
OBSCN,p.A1274G,VRTEAGGSATL,22,OBSCN_HUMAN
OBSCN,p.A1274G,VRTEAGGSA,22,OBSCN_HUMAN
OBSCN,p.A1274G,VRTEAGGSAT,22,OBSCN_HUMAN
OBSCN,p.A1274G,EAGGSATLS,22,OBSCN_HUMAN
OBSCN,p.A1274G,GGSATLSCEVA,22,OBSCN_HUMAN
OBSCN,p.A1274G,EAGGSATLSCE,22,OBSCN_HUMAN
OBSCN,p.A1274G,EVRTEAGGS,22,OBSCN_HUMAN
OBSCN,p.A1274G,NEVRTEAGG,22,OBSCN_HUMAN
OBSCN,p.A1274G,EVRTEAGGSA,22,OBSCN_HUMAN
OBSCN,p.A1274G,AGGSATLSCE,22,OBSCN_HUMAN
OBSCN,p.A1274G,GSATLSCEVAQ,22,OBSCN_HUMAN
OBSCN,p.A1274G,AGGSATLSCEV,22,OBSCN_HUMAN
OBSCN,p.A1274G,NEVRTEAGGS,22,OBSCN_HUMAN
OBSCN,p.A1274G,HNEVRTEAGG,22,OBSCN_HUMAN
OBSCN,p.A1274G,VHNEVRTEAGG,22,OBSCN_HUMAN
OBSCN,p.A1274G,GSATLSCEV,22,OBSCN_HUMAN
OBSCN,p.A1274G,RTEAGGSAT,22,OBSCN_HUMAN
LRRN2,p.A141P,HSFAGLPSL,20,LRRN2_HUMAN
LRRN2,p.A141P,SFAGLPSLQE,20,LRRN2_HUMAN
LRRN2,p.A141P,DHSFAGLPSL,20,LRRN2_HUMAN
LRRN2,p.A141P,AGLPSLQELY,20,LRRN2_HUMAN
LRRN2,p.A141P,HSFAGLPSLQ,20,LRRN2_HUMAN
LRRN2,p.A141P,SFAGLPSLQ,20,LRRN2_HUMAN
LRRN2,p.A141P,LPSLQELYL,20,LRRN2_HUMAN
LRRN2,p.A141P,LPSLQELYLNH,20,LRRN2_HUMAN
LRRN2,p.A141P,DHSFAGLPS,20,LRRN2_HUMAN
LRRN2,p.A141P,PSLQELYLNH,20,LRRN2_HUMAN
LRRN2,p.A141P,DHSFAGLPSLQ,20,LRRN2_HUMAN
LRRN2,p.A141P,EDHSFAGLPS,20,LRRN2_HUMAN
LRRN2,p.A141P,HSFAGLPSLQE,20,LRRN2_HUMAN
LRRN2,p.A141P,GLPSLQELY,20,LRRN2_HUMAN
LRRN2,p.A141P,GLPSLQELYL,20,LRRN2_HUMAN
LRRN2,p.A141P,SFAGLPSLQEL,20,LRRN2_HUMAN
LRRN2,p.A141P,PSLQELYLN,20,LRRN2_HUMAN
LRRN2,p.A141P,AGLPSLQELYL,20,LRRN2_HUMAN
LRRN2,p.A141P,FAGLPSLQELY,20,LRRN2_HUMAN
LRRN2,p.A141P,FAGLPSLQE,20,LRRN2_HUMAN
LRRN2,p.A141P,PSLQELYLNHN,20,LRRN2_HUMAN
LRRN2,p.A141P,LPSLQELYLN,20,LRRN2_HUMAN
LRRN2,p.A141P,LEDHSFAGLPS,20,LRRN2_HUMAN
LRRN2,p.A141P,EDHSFAGLPSL,20,LRRN2_HUMAN
LRRN2,p.A141P,RLEDHSFAGLP,20,LRRN2_HUMAN
LRRN2,p.A141P,EDHSFAGLP,20,LRRN2_HUMAN
LRRN2,p.A141P,LEDHSFAGLP,20,LRRN2_HUMAN
LRRN2,p.A141P,GLPSLQELYLN,20,LRRN2_HUMAN
LRRN2,p.A141P,FAGLPSLQEL,20,LRRN2_HUMAN
LRRN2,p.A141P,AGLPSLQEL,20,LRRN2_HUMAN
DMXL2,p.A2372S,NSSSELFRLS,19,DMXL2_HUMAN
DMXL2,p.A2372S,ELFRLSAHPLN,19,DMXL2_HUMAN
DMXL2,p.A2372S,LSAHPLNNRMW,19,DMXL2_HUMAN
DMXL2,p.A2372S,SSELFRLSAHP,19,DMXL2_HUMAN
DMXL2,p.A2372S,FRLSAHPLN,19,DMXL2_HUMAN
DMXL2,p.A2372S,NSSSELFRLSA,19,DMXL2_HUMAN
DMXL2,p.A2372S,SSSELFRLS,19,DMXL2_HUMAN
DMXL2,p.A2372S,SSSELFRLSAH,19,DMXL2_HUMAN
DMXL2,p.A2372S,ELFRLSAHP,19,DMXL2_HUMAN
DMXL2,p.A2372S,TNSSSELFRLS,19,DMXL2_HUMAN
DMXL2,p.A2372S,LFRLSAHPLNN,19,DMXL2_HUMAN
DMXL2,p.A2372S,RLSAHPLNNR,19,DMXL2_HUMAN
DMXL2,p.A2372S,SAHPLNNRMW,19,DMXL2_HUMAN
DMXL2,p.A2372S,SELFRLSAHP,19,DMXL2_HUMAN
DMXL2,p.A2372S,SAHPLNNRMWA,19,DMXL2_HUMAN
DMXL2,p.A2372S,LFRLSAHPL,19,DMXL2_HUMAN
DMXL2,p.A2372S,FRLSAHPLNN,19,DMXL2_HUMAN
DMXL2,p.A2372S,RLSAHPLNNRM,19,DMXL2_HUMAN
DMXL2,p.A2372S,SSSELFRLSA,19,DMXL2_HUMAN
DMXL2,p.A2372S,FRLSAHPLNNR,19,DMXL2_HUMAN
DMXL2,p.A2372S,SSELFRLSAH,19,DMXL2_HUMAN
DMXL2,p.A2372S,SELFRLSAH,19,DMXL2_HUMAN
DMXL2,p.A2372S,LFRLSAHPLN,19,DMXL2_HUMAN
DMXL2,p.A2372S,SELFRLSAHPL,19,DMXL2_HUMAN
DMXL2,p.A2372S,SAHPLNNRM,19,DMXL2_HUMAN
DMXL2,p.A2372S,ELFRLSAHPL,19,DMXL2_HUMAN
DMXL2,p.A2372S,SSELFRLSA,19,DMXL2_HUMAN
DMXL2,p.A2372S,LSAHPLNNRM,19,DMXL2_HUMAN
DMXL2,p.A2372S,RLSAHPLNN,19,DMXL2_HUMAN
DMXL2,p.A2372S,LSAHPLNNR,19,DMXL2_HUMAN
P4HTM,p.S311R,VELREPLQV,18,P4HTM_HUMAN
P4HTM,p.S311R,EIVELREPLQ,18,P4HTM_HUMAN
P4HTM,p.S311R,RLSPEIVELR,18,P4HTM_HUMAN
P4HTM,p.S311R,REPLQVVRY,18,P4HTM_HUMAN
P4HTM,p.S311R,LSPEIVELRE,18,P4HTM_HUMAN
P4HTM,p.S311R,PEIVELREP,18,P4HTM_HUMAN
P4HTM,p.S311R,SPEIVELRE,18,P4HTM_HUMAN
P4HTM,p.S311R,REPLQVVRYGE,18,P4HTM_HUMAN
P4HTM,p.S311R,LREPLQVVRYG,18,P4HTM_HUMAN
P4HTM,p.S311R,ELREPLQVV,18,P4HTM_HUMAN
P4HTM,p.S311R,LREPLQVVRY,18,P4HTM_HUMAN
P4HTM,p.S311R,IVELREPLQV,18,P4HTM_HUMAN
P4HTM,p.S311R,LSPEIVELREP,18,P4HTM_HUMAN
P4HTM,p.S311R,LREPLQVVR,18,P4HTM_HUMAN
P4HTM,p.S311R,EIVELREPLQV,18,P4HTM_HUMAN
P4HTM,p.S311R,SPEIVELREPL,18,P4HTM_HUMAN
P4HTM,p.S311R,ELREPLQVVR,18,P4HTM_HUMAN
P4HTM,p.S311R,REPLQVVRYG,18,P4HTM_HUMAN
P4HTM,p.S311R,LSPEIVELR,18,P4HTM_HUMAN
P4HTM,p.S311R,SPEIVELREP,18,P4HTM_HUMAN
P4HTM,p.S311R,IVELREPLQVV,18,P4HTM_HUMAN
P4HTM,p.S311R,IVELREPLQ,18,P4HTM_HUMAN
P4HTM,p.S311R,TRLSPEIVELR,18,P4HTM_HUMAN
P4HTM,p.S311R,ELREPLQVVRY,18,P4HTM_HUMAN
P4HTM,p.S311R,VELREPLQVV,18,P4HTM_HUMAN
P4HTM,p.S311R,VELREPLQVVR,18,P4HTM_HUMAN
P4HTM,p.S311R,PEIVELREPL,18,P4HTM_HUMAN
P4HTM,p.S311R,EIVELREPL,18,P4HTM_HUMAN
P4HTM,p.S311R,RLSPEIVELRE,18,P4HTM_HUMAN
P4HTM,p.S311R,PEIVELREPLQ,18,P4HTM_HUMAN
MCM8,p.S322N,LVDNCVPGDT,16,MCM8_HUMAN
MCM8,p.S322N,DLVDNCVPGD,16,MCM8_HUMAN
MCM8,p.S322N,DLVDNCVPGDT,16,MCM8_HUMAN
MCM8,p.S322N,DNCVPGDTVTI,16,MCM8_HUMAN
MCM8,p.S322N,VHDLVDNCVPG,16,MCM8_HUMAN
MCM8,p.S322N,VHDLVDNCVP,16,MCM8_HUMAN
MCM8,p.S322N,CELVHDLVDN,16,MCM8_HUMAN
MCM8,p.S322N,LVHDLVDNCV,16,MCM8_HUMAN
MCM8,p.S322N,HDLVDNCVPG,16,MCM8_HUMAN
MCM8,p.S322N,VDNCVPGDTVT,16,MCM8_HUMAN
MCM8,p.S322N,LVHDLVDNCVP,16,MCM8_HUMAN
MCM8,p.S322N,VDNCVPGDT,16,MCM8_HUMAN
MCM8,p.S322N,NCVPGDTVTI,16,MCM8_HUMAN
MCM8,p.S322N,DLVDNCVPG,16,MCM8_HUMAN
MCM8,p.S322N,HDLVDNCVP,16,MCM8_HUMAN
MCM8,p.S322N,CELVHDLVDNC,16,MCM8_HUMAN
MCM8,p.S322N,ELVHDLVDN,16,MCM8_HUMAN
MCM8,p.S322N,ELVHDLVDNCV,16,MCM8_HUMAN
MCM8,p.S322N,HDLVDNCVPGD,16,MCM8_HUMAN
MCM8,p.S322N,NCVPGDTVTIT,16,MCM8_HUMAN
MCM8,p.S322N,DNCVPGDTVT,16,MCM8_HUMAN
MCM8,p.S322N,ELVHDLVDNC,16,MCM8_HUMAN
MCM8,p.S322N,LVDNCVPGDTV,16,MCM8_HUMAN
MCM8,p.S322N,LVHDLVDNC,16,MCM8_HUMAN
MCM8,p.S322N,VDNCVPGDTV,16,MCM8_HUMAN
MCM8,p.S322N,LVDNCVPGD,16,MCM8_HUMAN
MCM8,p.S322N,DNCVPGDTV,16,MCM8_HUMAN
MCM8,p.S322N,ECELVHDLVDN,16,MCM8_HUMAN
MCM8,p.S322N,VHDLVDNCV,16,MCM8_HUMAN
MCM8,p.S322N,NCVPGDTVT,16,MCM8_HUMAN
PIK3CA,p.H1047R,QMNDARHGGWT,13,PK3CA_HUMAN
PIK3CA,p.H1047R,DARHGGWTT,13,PK3CA_HUMAN
PIK3CA,p.H1047R,RHGGWTTKMD,13,PK3CA_HUMAN
PIK3CA,p.H1047R,NDARHGGWTT,13,PK3CA_HUMAN
PIK3CA,p.H1047R,ARHGGWTTKMD,13,PK3CA_HUMAN
PIK3CA,p.H1047R,DARHGGWTTK,13,PK3CA_HUMAN
PIK3CA,p.H1047R,DARHGGWTTKM,13,PK3CA_HUMAN
PIK3CA,p.H1047R,MNDARHGGWTT,13,PK3CA_HUMAN
PIK3CA,p.H1047R,RHGGWTTKM,13,PK3CA_HUMAN
PIK3CA,p.H1047R,KQMNDARHGG,13,PK3CA_HUMAN
PIK3CA,p.H1047R,RHGGWTTKMDW,13,PK3CA_HUMAN
PIK3CA,p.H1047R,FMKQMNDARH,13,PK3CA_HUMAN
PIK3CA,p.H1047R,MNDARHGGWT,13,PK3CA_HUMAN
PIK3CA,p.H1047R,MNDARHGGW,13,PK3CA_HUMAN
PIK3CA,p.H1047R,KQMNDARHGGW,13,PK3CA_HUMAN
PIK3CA,p.H1047R,MKQMNDARHG,13,PK3CA_HUMAN
PIK3CA,p.H1047R,YFMKQMNDARH,13,PK3CA_HUMAN
PIK3CA,p.H1047R,NDARHGGWT,13,PK3CA_HUMAN
PIK3CA,p.H1047R,QMNDARHGGW,13,PK3CA_HUMAN
PIK3CA,p.H1047R,ARHGGWTTK,13,PK3CA_HUMAN
PIK3CA,p.H1047R,MKQMNDARHGG,13,PK3CA_HUMAN
PIK3CA,p.H1047R,FMKQMNDAR,13,PK3CA_HUMAN
PIK3CA,p.H1047R,EYFMKQMNDAR,13,PK3CA_HUMAN
PIK3CA,p.H1047R,QMNDARHGG,13,PK3CA_HUMAN
PIK3CA,p.H1047R,MKQMNDARH,13,PK3CA_HUMAN
PIK3CA,p.H1047R,FMKQMNDARHG,13,PK3CA_HUMAN
PIK3CA,p.H1047R,KQMNDARHG,13,PK3CA_HUMAN
PIK3CA,p.H1047R,NDARHGGWTTK,13,PK3CA_HUMAN
PIK3CA,p.H1047R,ARHGGWTTKM,13,PK3CA_HUMAN
PIK3CA,p.H1047R,YFMKQMNDAR,13,PK3CA_HUMAN
NWD1,p.A212P,MVDRLPDGCLD,13,NWD1_HUMAN
NWD1,p.A212P,PDGCLDADAQN,13,NWD1_HUMAN
NWD1,p.A212P,DRLPDGCLDA,13,NWD1_HUMAN
NWD1,p.A212P,MVDRLPDGC,13,NWD1_HUMAN
NWD1,p.A212P,RLPDGCLDADA,13,NWD1_HUMAN
NWD1,p.A212P,CALRMVDRLP,13,NWD1_HUMAN
NWD1,p.A212P,PDGCLDADA,13,NWD1_HUMAN
NWD1,p.A212P,LPDGCLDAD,13,NWD1_HUMAN
NWD1,p.A212P,PDGCLDADAQ,13,NWD1_HUMAN
NWD1,p.A212P,LRMVDRLPDG,13,NWD1_HUMAN
NWD1,p.A212P,ALRMVDRLPD,13,NWD1_HUMAN
NWD1,p.A212P,RMVDRLPDGC,13,NWD1_HUMAN
NWD1,p.A212P,ALRMVDRLPDG,13,NWD1_HUMAN
NWD1,p.A212P,LPDGCLDADAQ,13,NWD1_HUMAN
NWD1,p.A212P,DRLPDGCLDAD,13,NWD1_HUMAN
NWD1,p.A212P,MVDRLPDGCL,13,NWD1_HUMAN
NWD1,p.A212P,DRLPDGCLD,13,NWD1_HUMAN
NWD1,p.A212P,ALRMVDRLP,13,NWD1_HUMAN
NWD1,p.A212P,RMVDRLPDGCL,13,NWD1_HUMAN
NWD1,p.A212P,RLPDGCLDA,13,NWD1_HUMAN
NWD1,p.A212P,VDRLPDGCLD,13,NWD1_HUMAN
NWD1,p.A212P,VDRLPDGCL,13,NWD1_HUMAN
NWD1,p.A212P,RLPDGCLDAD,13,NWD1_HUMAN
NWD1,p.A212P,DCALRMVDRLP,13,NWD1_HUMAN
NWD1,p.A212P,LRMVDRLPDGC,13,NWD1_HUMAN
NWD1,p.A212P,LRMVDRLPD,13,NWD1_HUMAN
NWD1,p.A212P,LPDGCLDADA,13,NWD1_HUMAN
NWD1,p.A212P,VDRLPDGCLDA,13,NWD1_HUMAN
NWD1,p.A212P,CALRMVDRLPD,13,NWD1_HUMAN
NWD1,p.A212P,RMVDRLPDG,13,NWD1_HUMAN
KRAS,p.G13D,AGDVGKSALTI,12,RASK_HUMAN
KRAS,p.G13D,VGAGDVGKSA,12,RASK_HUMAN
KRAS,p.G13D,VVGAGDVGKS,12,RASK_HUMAN
KRAS,p.G13D,DVGKSALTI,12,RASK_HUMAN
KRAS,p.G13D,LVVVGAGDVG,12,RASK_HUMAN
KRAS,p.G13D,VGAGDVGKSAL,12,RASK_HUMAN
KRAS,p.G13D,VGAGDVGKS,12,RASK_HUMAN
KRAS,p.G13D,GDVGKSALT,12,RASK_HUMAN
KRAS,p.G13D,VVGAGDVGK,12,RASK_HUMAN
KRAS,p.G13D,KLVVVGAGDVG,12,RASK_HUMAN
KRAS,p.G13D,VVVGAGDVGKS,12,RASK_HUMAN
KRAS,p.G13D,DVGKSALTIQL,12,RASK_HUMAN
KRAS,p.G13D,LVVVGAGDV,12,RASK_HUMAN
KRAS,p.G13D,YKLVVVGAGD,12,RASK_HUMAN
KRAS,p.G13D,VVVGAGDVGK,12,RASK_HUMAN
KRAS,p.G13D,GDVGKSALTIQ,12,RASK_HUMAN
KRAS,p.G13D,AGDVGKSAL,12,RASK_HUMAN
KRAS,p.G13D,GDVGKSALTI,12,RASK_HUMAN
KRAS,p.G13D,KLVVVGAGDV,12,RASK_HUMAN
KRAS,p.G13D,YKLVVVGAGDV,12,RASK_HUMAN
KRAS,p.G13D,GAGDVGKSAL,12,RASK_HUMAN
KRAS,p.G13D,VVVGAGDVG,12,RASK_HUMAN
KRAS,p.G13D,LVVVGAGDVGK,12,RASK_HUMAN
KRAS,p.G13D,AGDVGKSALT,12,RASK_HUMAN
KRAS,p.G13D,EYKLVVVGAGD,12,RASK_HUMAN
KRAS,p.G13D,DVGKSALTIQ,12,RASK_HUMAN
KRAS,p.G13D,KLVVVGAGD,12,RASK_HUMAN
KRAS,p.G13D,GAGDVGKSALT,12,RASK_HUMAN
KRAS,p.G13D,GAGDVGKSA,12,RASK_HUMAN
KRAS,p.G13D,VVGAGDVGKSA,12,RASK_HUMAN
PIK3CA,p.E545K,PLSEITKQEKD,12,PK3CA_HUMAN
PIK3CA,p.E545K,DPLSEITKQEK,12,PK3CA_HUMAN
PIK3CA,p.E545K,TRDPLSEITKQ,12,PK3CA_HUMAN
PIK3CA,p.E545K,KQEKDFLWSHR,12,PK3CA_HUMAN
PIK3CA,p.E545K,ITKQEKDFL,12,PK3CA_HUMAN
PIK3CA,p.E545K,LSEITKQEK,12,PK3CA_HUMAN
PIK3CA,p.E545K,EITKQEKDFLW,12,PK3CA_HUMAN
PIK3CA,p.E545K,RDPLSEITKQ,12,PK3CA_HUMAN
PIK3CA,p.E545K,STRDPLSEITK,12,PK3CA_HUMAN
PIK3CA,p.E545K,RDPLSEITK,12,PK3CA_HUMAN
PIK3CA,p.E545K,ITKQEKDFLW,12,PK3CA_HUMAN
PIK3CA,p.E545K,TKQEKDFLWSH,12,PK3CA_HUMAN
PIK3CA,p.E545K,DPLSEITKQE,12,PK3CA_HUMAN
PIK3CA,p.E545K,RDPLSEITKQE,12,PK3CA_HUMAN
PIK3CA,p.E545K,KQEKDFLWSH,12,PK3CA_HUMAN
PIK3CA,p.E545K,EITKQEKDF,12,PK3CA_HUMAN
PIK3CA,p.E545K,EITKQEKDFL,12,PK3CA_HUMAN
PIK3CA,p.E545K,TRDPLSEITK,12,PK3CA_HUMAN
PIK3CA,p.E545K,SEITKQEKDF,12,PK3CA_HUMAN
PIK3CA,p.E545K,LSEITKQEKDF,12,PK3CA_HUMAN
PIK3CA,p.E545K,SEITKQEKD,12,PK3CA_HUMAN
PIK3CA,p.E545K,LSEITKQEKD,12,PK3CA_HUMAN
PIK3CA,p.E545K,TKQEKDFLW,12,PK3CA_HUMAN
PIK3CA,p.E545K,DPLSEITKQ,12,PK3CA_HUMAN
PIK3CA,p.E545K,KQEKDFLWS,12,PK3CA_HUMAN
PIK3CA,p.E545K,ITKQEKDFLWS,12,PK3CA_HUMAN
PIK3CA,p.E545K,SEITKQEKDFL,12,PK3CA_HUMAN
PIK3CA,p.E545K,TKQEKDFLWS,12,PK3CA_HUMAN
PIK3CA,p.E545K,PLSEITKQE,12,PK3CA_HUMAN
PIK3CA,p.E545K,PLSEITKQEK,12,PK3CA_HUMAN
IPO5,p.C348F,MAFGLGGKLV,11,IPO5_HUMAN
IPO5,p.C348F,GESALDRMAFG,11,IPO5_HUMAN
IPO5,p.C348F,SALDRMAFGL,11,IPO5_HUMAN
IPO5,p.C348F,DRMAFGLGGK,11,IPO5_HUMAN
IPO5,p.C348F,GESALDRMAF,11,IPO5_HUMAN
IPO5,p.C348F,AFGLGGKLVL,11,IPO5_HUMAN
IPO5,p.C348F,ESALDRMAFG,11,IPO5_HUMAN
IPO5,p.C348F,RMAFGLGGKLV,11,IPO5_HUMAN
IPO5,p.C348F,LDRMAFGLGG,11,IPO5_HUMAN
IPO5,p.C348F,DRMAFGLGG,11,IPO5_HUMAN
IPO5,p.C348F,ALDRMAFGLG,11,IPO5_HUMAN
IPO5,p.C348F,DRMAFGLGGKL,11,IPO5_HUMAN
IPO5,p.C348F,MAFGLGGKLVL,11,IPO5_HUMAN
IPO5,p.C348F,ESALDRMAFGL,11,IPO5_HUMAN
IPO5,p.C348F,LDRMAFGLG,11,IPO5_HUMAN
IPO5,p.C348F,RMAFGLGGKL,11,IPO5_HUMAN
IPO5,p.C348F,MAFGLGGKL,11,IPO5_HUMAN
IPO5,p.C348F,FGLGGKLVLP,11,IPO5_HUMAN
IPO5,p.C348F,AGESALDRMAF,11,IPO5_HUMAN
IPO5,p.C348F,RMAFGLGGK,11,IPO5_HUMAN
IPO5,p.C348F,FGLGGKLVL,11,IPO5_HUMAN
IPO5,p.C348F,AFGLGGKLV,11,IPO5_HUMAN
IPO5,p.C348F,ESALDRMAF,11,IPO5_HUMAN
IPO5,p.C348F,ALDRMAFGL,11,IPO5_HUMAN
IPO5,p.C348F,SALDRMAFGLG,11,IPO5_HUMAN
IPO5,p.C348F,SALDRMAFG,11,IPO5_HUMAN
IPO5,p.C348F,FGLGGKLVLPM,11,IPO5_HUMAN
IPO5,p.C348F,AFGLGGKLVLP,11,IPO5_HUMAN
IPO5,p.C348F,LDRMAFGLGGK,11,IPO5_HUMAN
IPO5,p.C348F,ALDRMAFGLGG,11,IPO5_HUMAN
KRAS,p.G12D,GADGVGKSAL,11,RASK_HUMAN
KRAS,p.G12D,LVVVGADGV,11,RASK_HUMAN
KRAS,p.G12D,YKLVVVGAD,11,RASK_HUMAN
KRAS,p.G12D,KLVVVGADGV,11,RASK_HUMAN
KRAS,p.G12D,VVVGADGVG,11,RASK_HUMAN
KRAS,p.G12D,VGADGVGKSAL,11,RASK_HUMAN
KRAS,p.G12D,VGADGVGKS,11,RASK_HUMAN
KRAS,p.G12D,ADGVGKSALTI,11,RASK_HUMAN
KRAS,p.G12D,LVVVGADGVGK,11,RASK_HUMAN
KRAS,p.G12D,KLVVVGADGVG,11,RASK_HUMAN
KRAS,p.G12D,VVVGADGVGKS,11,RASK_HUMAN
KRAS,p.G12D,ADGVGKSALT,11,RASK_HUMAN
KRAS,p.G12D,KLVVVGADG,11,RASK_HUMAN
KRAS,p.G12D,VGADGVGKSA,11,RASK_HUMAN
KRAS,p.G12D,EYKLVVVGADG,11,RASK_HUMAN
KRAS,p.G12D,VVGADGVGK,11,RASK_HUMAN
KRAS,p.G12D,YKLVVVGADG,11,RASK_HUMAN
KRAS,p.G12D,VVGADGVGKSA,11,RASK_HUMAN
KRAS,p.G12D,TEYKLVVVGAD,11,RASK_HUMAN
KRAS,p.G12D,DGVGKSALT,11,RASK_HUMAN
KRAS,p.G12D,GADGVGKSALT,11,RASK_HUMAN
KRAS,p.G12D,DGVGKSALTIQ,11,RASK_HUMAN
KRAS,p.G12D,VVGADGVGKS,11,RASK_HUMAN
KRAS,p.G12D,ADGVGKSAL,11,RASK_HUMAN
KRAS,p.G12D,VVVGADGVGK,11,RASK_HUMAN
KRAS,p.G12D,GADGVGKSA,11,RASK_HUMAN
KRAS,p.G12D,YKLVVVGADGV,11,RASK_HUMAN
KRAS,p.G12D,DGVGKSALTI,11,RASK_HUMAN
KRAS,p.G12D,EYKLVVVGAD,11,RASK_HUMAN
KRAS,p.G12D,LVVVGADGVG,11,RASK_HUMAN
TP53,p.R175H,VRHCPHHER,11,P53_HUMAN
TP53,p.R175H,RHCPHHERCS,11,P53_HUMAN
TP53,p.R175H,VRHCPHHERCS,11,P53_HUMAN
TP53,p.R175H,HCPHHERCSD,11,P53_HUMAN
TP53,p.R175H,MTEVVRHCPHH,11,P53_HUMAN
TP53,p.R175H,VVRHCPHHERC,11,P53_HUMAN
TP53,p.R175H,TEVVRHCPH,11,P53_HUMAN
TP53,p.R175H,EVVRHCPHHER,11,P53_HUMAN
TP53,p.R175H,EVVRHCPHH,11,P53_HUMAN
TP53,p.R175H,TEVVRHCPHH,11,P53_HUMAN
TP53,p.R175H,VRHCPHHERC,11,P53_HUMAN
TP53,p.R175H,SQHMTEVVRH,11,P53_HUMAN
TP53,p.R175H,SQHMTEVVRHC,11,P53_HUMAN
TP53,p.R175H,HMTEVVRHCPH,11,P53_HUMAN
TP53,p.R175H,RHCPHHERCSD,11,P53_HUMAN
TP53,p.R175H,MTEVVRHCP,11,P53_HUMAN
TP53,p.R175H,QHMTEVVRHC,11,P53_HUMAN
TP53,p.R175H,EVVRHCPHHE,11,P53_HUMAN
TP53,p.R175H,RHCPHHERC,11,P53_HUMAN
TP53,p.R175H,HMTEVVRHC,11,P53_HUMAN
TP53,p.R175H,TEVVRHCPHHE,11,P53_HUMAN
TP53,p.R175H,QHMTEVVRHCP,11,P53_HUMAN
TP53,p.R175H,QSQHMTEVVRH,11,P53_HUMAN
TP53,p.R175H,VVRHCPHHER,11,P53_HUMAN
TP53,p.R175H,QHMTEVVRH,11,P53_HUMAN
TP53,p.R175H,HMTEVVRHCP,11,P53_HUMAN
TP53,p.R175H,VVRHCPHHE,11,P53_HUMAN
TP53,p.R175H,HCPHHERCSDS,11,P53_HUMAN
TP53,p.R175H,MTEVVRHCPH,11,P53_HUMAN
TP53,p.R175H,HCPHHERCS,11,P53_HUMAN
TTN,p.T2963P,APLTVTPIM,11,TITIN_HUMAN
TTN,p.T2963P,QVSAPLTVTPI,11,TITIN_HUMAN
TTN,p.T2963P,FVCGNDQVSAP,11,TITIN_HUMAN
TTN,p.T2963P,NDQVSAPLTVT,11,TITIN_HUMAN
TTN,p.T2963P,GNDQVSAPLT,11,TITIN_HUMAN
TTN,p.T2963P,VSAPLTVTPIM,11,TITIN_HUMAN
TTN,p.T2963P,QVSAPLTVT,11,TITIN_HUMAN
TTN,p.T2963P,VSAPLTVTP,11,TITIN_HUMAN
TTN,p.T2963P,CGNDQVSAP,11,TITIN_HUMAN
TTN,p.T2963P,PLTVTPIMIT,11,TITIN_HUMAN
TTN,p.T2963P,DQVSAPLTV,11,TITIN_HUMAN
TTN,p.T2963P,GNDQVSAPL,11,TITIN_HUMAN
TTN,p.T2963P,DQVSAPLTVT,11,TITIN_HUMAN
TTN,p.T2963P,APLTVTPIMI,11,TITIN_HUMAN
TTN,p.T2963P,CGNDQVSAPLT,11,TITIN_HUMAN
TTN,p.T2963P,VSAPLTVTPI,11,TITIN_HUMAN
TTN,p.T2963P,VCGNDQVSAPL,11,TITIN_HUMAN
TTN,p.T2963P,PLTVTPIMI,11,TITIN_HUMAN
TTN,p.T2963P,SAPLTVTPIM,11,TITIN_HUMAN
TTN,p.T2963P,SAPLTVTPIMI,11,TITIN_HUMAN
TTN,p.T2963P,VCGNDQVSAP,11,TITIN_HUMAN
TTN,p.T2963P,NDQVSAPLT,11,TITIN_HUMAN
TTN,p.T2963P,QVSAPLTVTP,11,TITIN_HUMAN
TTN,p.T2963P,CGNDQVSAPL,11,TITIN_HUMAN
TTN,p.T2963P,SAPLTVTPI,11,TITIN_HUMAN
TTN,p.T2963P,DQVSAPLTVTP,11,TITIN_HUMAN
TTN,p.T2963P,APLTVTPIMIT,11,TITIN_HUMAN
TTN,p.T2963P,PLTVTPIMITS,11,TITIN_HUMAN
TTN,p.T2963P,GNDQVSAPLTV,11,TITIN_HUMAN
TTN,p.T2963P,NDQVSAPLTV,11,TITIN_HUMAN
GLT6D1,p.A53P,PPVLWEGTF,10,GL6D1_HUMAN
GLT6D1,p.A53P,WLPPVLWEGT,10,GL6D1_HUMAN
GLT6D1,p.A53P,TDWLPPVLWE,10,GL6D1_HUMAN
GLT6D1,p.A53P,KTDWLPPVLWE,10,GL6D1_HUMAN
GLT6D1,p.A53P,TKTDWLPPVL,10,GL6D1_HUMAN
GLT6D1,p.A53P,LPPVLWEGTFD,10,GL6D1_HUMAN
GLT6D1,p.A53P,DWLPPVLWEG,10,GL6D1_HUMAN
GLT6D1,p.A53P,DWLPPVLWE,10,GL6D1_HUMAN
GLT6D1,p.A53P,ITKTDWLPPVL,10,GL6D1_HUMAN
GLT6D1,p.A53P,ITKTDWLPPV,10,GL6D1_HUMAN
GLT6D1,p.A53P,KTDWLPPVL,10,GL6D1_HUMAN
GLT6D1,p.A53P,VITKTDWLP,10,GL6D1_HUMAN
GLT6D1,p.A53P,TDWLPPVLWEG,10,GL6D1_HUMAN
GLT6D1,p.A53P,LPPVLWEGTF,10,GL6D1_HUMAN
GLT6D1,p.A53P,PPVLWEGTFDR,10,GL6D1_HUMAN
GLT6D1,p.A53P,PDVITKTDWLP,10,GL6D1_HUMAN
GLT6D1,p.A53P,ITKTDWLPP,10,GL6D1_HUMAN
GLT6D1,p.A53P,DWLPPVLWEGT,10,GL6D1_HUMAN
GLT6D1,p.A53P,TKTDWLPPVLW,10,GL6D1_HUMAN
GLT6D1,p.A53P,DVITKTDWLPP,10,GL6D1_HUMAN
GLT6D1,p.A53P,TKTDWLPPV,10,GL6D1_HUMAN
GLT6D1,p.A53P,PPVLWEGTFD,10,GL6D1_HUMAN
GLT6D1,p.A53P,KTDWLPPVLW,10,GL6D1_HUMAN
GLT6D1,p.A53P,WLPPVLWEGTF,10,GL6D1_HUMAN
GLT6D1,p.A53P,VITKTDWLPP,10,GL6D1_HUMAN
GLT6D1,p.A53P,TDWLPPVLW,10,GL6D1_HUMAN
GLT6D1,p.A53P,DVITKTDWLP,10,GL6D1_HUMAN
GLT6D1,p.A53P,VITKTDWLPPV,10,GL6D1_HUMAN
GLT6D1,p.A53P,WLPPVLWEG,10,GL6D1_HUMAN
GLT6D1,p.A53P,LPPVLWEGT,10,GL6D1_HUMAN
OBSCN,p.A998G,HSEVQAEAGGS,10,OBSCN_HUMAN
OBSCN,p.A998G,EVQAEAGGSA,10,OBSCN_HUMAN
OBSCN,p.A998G,VQAEAGGSA,10,OBSCN_HUMAN
OBSCN,p.A998G,GGSATLSCEV,10,OBSCN_HUMAN
OBSCN,p.A998G,AEAGGSATLS,10,OBSCN_HUMAN
OBSCN,p.A998G,QAEAGGSAT,10,OBSCN_HUMAN
OBSCN,p.A998G,GGSATLSCE,10,OBSCN_HUMAN
OBSCN,p.A998G,SEVQAEAGG,10,OBSCN_HUMAN
OBSCN,p.A998G,EVQAEAGGSAT,10,OBSCN_HUMAN
OBSCN,p.A998G,GSATLSCEVA,10,OBSCN_HUMAN
OBSCN,p.A998G,AGGSATLSC,10,OBSCN_HUMAN
OBSCN,p.A998G,QAEAGGSATL,10,OBSCN_HUMAN
OBSCN,p.A998G,EAGGSATLSC,10,OBSCN_HUMAN
OBSCN,p.A998G,EAGGSATLS,10,OBSCN_HUMAN
OBSCN,p.A998G,EVQAEAGGS,10,OBSCN_HUMAN
OBSCN,p.A998G,HSEVQAEAGG,10,OBSCN_HUMAN
OBSCN,p.A998G,GGSATLSCEVA,10,OBSCN_HUMAN
OBSCN,p.A998G,EAGGSATLSCE,10,OBSCN_HUMAN
OBSCN,p.A998G,SEVQAEAGGSA,10,OBSCN_HUMAN
OBSCN,p.A998G,AHSEVQAEAGG,10,OBSCN_HUMAN
OBSCN,p.A998G,VQAEAGGSAT,10,OBSCN_HUMAN
OBSCN,p.A998G,AGGSATLSCE,10,OBSCN_HUMAN
OBSCN,p.A998G,AEAGGSATL,10,OBSCN_HUMAN
OBSCN,p.A998G,GSATLSCEVAQ,10,OBSCN_HUMAN
OBSCN,p.A998G,AGGSATLSCEV,10,OBSCN_HUMAN
OBSCN,p.A998G,SEVQAEAGGS,10,OBSCN_HUMAN
OBSCN,p.A998G,VQAEAGGSATL,10,OBSCN_HUMAN
OBSCN,p.A998G,GSATLSCEV,10,OBSCN_HUMAN
OBSCN,p.A998G,QAEAGGSATLS,10,OBSCN_HUMAN
OBSCN,p.A998G,AEAGGSATLSC,10,OBSCN_HUMAN
SF3B3,p.R128G,VDPKGGAVMI,10,SF3B3_HUMAN
SF3B3,p.R128G,LAVDPKGGAV,10,SF3B3_HUMAN
SF3B3,p.R128G,QFLAVDPKGGA,10,SF3B3_HUMAN
SF3B3,p.R128G,AVDPKGGAVMI,10,SF3B3_HUMAN
SF3B3,p.R128G,PKGGAVMIS,10,SF3B3_HUMAN
SF3B3,p.R128G,FLAVDPKGGA,10,SF3B3_HUMAN
SF3B3,p.R128G,GAVMISAIEKQ,10,SF3B3_HUMAN
SF3B3,p.R128G,GGAVMISAIEK,10,SF3B3_HUMAN
SF3B3,p.R128G,LAVDPKGGA,10,SF3B3_HUMAN
SF3B3,p.R128G,GAVMISAIEK,10,SF3B3_HUMAN
SF3B3,p.R128G,QFLAVDPKGG,10,SF3B3_HUMAN
SF3B3,p.R128G,GAVMISAIE,10,SF3B3_HUMAN
SF3B3,p.R128G,FLAVDPKGG,10,SF3B3_HUMAN
SF3B3,p.R128G,DPKGGAVMI,10,SF3B3_HUMAN
SF3B3,p.R128G,VDPKGGAVM,10,SF3B3_HUMAN
SF3B3,p.R128G,KGGAVMISAI,10,SF3B3_HUMAN
SF3B3,p.R128G,DPKGGAVMISA,10,SF3B3_HUMAN
SF3B3,p.R128G,KGGAVMISAIE,10,SF3B3_HUMAN
SF3B3,p.R128G,FLAVDPKGGAV,10,SF3B3_HUMAN
SF3B3,p.R128G,DPKGGAVMIS,10,SF3B3_HUMAN
SF3B3,p.R128G,LAVDPKGGAVM,10,SF3B3_HUMAN
SF3B3,p.R128G,KGGAVMISA,10,SF3B3_HUMAN
SF3B3,p.R128G,VDPKGGAVMIS,10,SF3B3_HUMAN
SF3B3,p.R128G,GQFLAVDPKGG,10,SF3B3_HUMAN
SF3B3,p.R128G,GGAVMISAI,10,SF3B3_HUMAN
SF3B3,p.R128G,AVDPKGGAV,10,SF3B3_HUMAN
SF3B3,p.R128G,GGAVMISAIE,10,SF3B3_HUMAN
SF3B3,p.R128G,AVDPKGGAVM,10,SF3B3_HUMAN
SF3B3,p.R128G,PKGGAVMISAI,10,SF3B3_HUMAN
SF3B3,p.R128G,PKGGAVMISA,10,SF3B3_HUMAN
TP53,p.R273C,RNSFEVCVC,10,P53_HUMAN
TP53,p.R273C,FEVCVCACP,10,P53_HUMAN
TP53,p.R273C,VCVCACPGRDR,10,P53_HUMAN
TP53,p.R273C,RNSFEVCVCAC,10,P53_HUMAN
TP53,p.R273C,FEVCVCACPGR,10,P53_HUMAN
TP53,p.R273C,LGRNSFEVC,10,P53_HUMAN
TP53,p.R273C,CVCACPGRD,10,P53_HUMAN
TP53,p.R273C,RNSFEVCVCA,10,P53_HUMAN
TP53,p.R273C,EVCVCACPGRD,10,P53_HUMAN
TP53,p.R273C,GRNSFEVCVC,10,P53_HUMAN
TP53,p.R273C,LGRNSFEVCVC,10,P53_HUMAN
TP53,p.R273C,EVCVCACPGR,10,P53_HUMAN
TP53,p.R273C,CVCACPGRDR,10,P53_HUMAN
TP53,p.R273C,GRNSFEVCV,10,P53_HUMAN
TP53,p.R273C,LLGRNSFEVC,10,P53_HUMAN
TP53,p.R273C,CVCACPGRDRR,10,P53_HUMAN
TP53,p.R273C,LLGRNSFEVCV,10,P53_HUMAN
TP53,p.R273C,NSFEVCVCAC,10,P53_HUMAN
TP53,p.R273C,SFEVCVCACPG,10,P53_HUMAN
TP53,p.R273C,SFEVCVCAC,10,P53_HUMAN
TP53,p.R273C,NLLGRNSFEVC,10,P53_HUMAN
TP53,p.R273C,NSFEVCVCA,10,P53_HUMAN
TP53,p.R273C,NSFEVCVCACP,10,P53_HUMAN
TP53,p.R273C,VCVCACPGR,10,P53_HUMAN
TP53,p.R273C,GRNSFEVCVCA,10,P53_HUMAN
TP53,p.R273C,EVCVCACPG,10,P53_HUMAN
TP53,p.R273C,LGRNSFEVCV,10,P53_HUMAN
TP53,p.R273C,VCVCACPGRD,10,P53_HUMAN
TP53,p.R273C,SFEVCVCACP,10,P53_HUMAN
TP53,p.R273C,FEVCVCACPG,10,P53_HUMAN
FBXW7,p.R465C,TSTVCCMHL,9,FBXW7_HUMAN
FBXW7,p.R465C,STVCCMHLHEK,9,FBXW7_HUMAN
FBXW7,p.R465C,TSTVCCMHLH,9,FBXW7_HUMAN
FBXW7,p.R465C,STVCCMHLHE,9,FBXW7_HUMAN
FBXW7,p.R465C,CCMHLHEKRVV,9,FBXW7_HUMAN
FBXW7,p.R465C,CCMHLHEKR,9,FBXW7_HUMAN
FBXW7,p.R465C,TLYGHTSTVCC,9,FBXW7_HUMAN
FBXW7,p.R465C,LYGHTSTVCC,9,FBXW7_HUMAN
FBXW7,p.R465C,HTLYGHTSTVC,9,FBXW7_HUMAN
FBXW7,p.R465C,TSTVCCMHLHE,9,FBXW7_HUMAN
FBXW7,p.R465C,GHTSTVCCM,9,FBXW7_HUMAN
FBXW7,p.R465C,YGHTSTVCCMH,9,FBXW7_HUMAN
FBXW7,p.R465C,LYGHTSTVCCM,9,FBXW7_HUMAN
FBXW7,p.R465C,TVCCMHLHEKR,9,FBXW7_HUMAN
FBXW7,p.R465C,TVCCMHLHEK,9,FBXW7_HUMAN
FBXW7,p.R465C,HTSTVCCMHLH,9,FBXW7_HUMAN
FBXW7,p.R465C,VCCMHLHEKR,9,FBXW7_HUMAN
FBXW7,p.R465C,YGHTSTVCC,9,FBXW7_HUMAN
FBXW7,p.R465C,GHTSTVCCMHL,9,FBXW7_HUMAN
FBXW7,p.R465C,HTSTVCCMH,9,FBXW7_HUMAN
FBXW7,p.R465C,VCCMHLHEK,9,FBXW7_HUMAN
FBXW7,p.R465C,YGHTSTVCCM,9,FBXW7_HUMAN
FBXW7,p.R465C,TVCCMHLHE,9,FBXW7_HUMAN
FBXW7,p.R465C,HTSTVCCMHL,9,FBXW7_HUMAN
FBXW7,p.R465C,LYGHTSTVC,9,FBXW7_HUMAN
FBXW7,p.R465C,VCCMHLHEKRV,9,FBXW7_HUMAN
FBXW7,p.R465C,CCMHLHEKRV,9,FBXW7_HUMAN
FBXW7,p.R465C,STVCCMHLH,9,FBXW7_HUMAN
FBXW7,p.R465C,TLYGHTSTVC,9,FBXW7_HUMAN
FBXW7,p.R465C,GHTSTVCCMH,9,FBXW7_HUMAN
TMC4,p.A20G,SSRGWLGPRE,9,TMC4_HUMAN
TMC4,p.A20G,RGWLGPREA,9,TMC4_HUMAN
TMC4,p.A20G,WGSSRGWLGPR,9,TMC4_HUMAN
TMC4,p.A20G,GSSRGWLGPRE,9,TMC4_HUMAN
TMC4,p.A20G,RGWLGPREARG,9,TMC4_HUMAN
TMC4,p.A20G,WGSSRGWLG,9,TMC4_HUMAN
TMC4,p.A20G,GSSRGWLGP,9,TMC4_HUMAN
TMC4,p.A20G,GPREARGAPCS,9,TMC4_HUMAN
TMC4,p.A20G,AWGSSRGWLGP,9,TMC4_HUMAN
TMC4,p.A20G,EAWGSSRGWLG,9,TMC4_HUMAN
TMC4,p.A20G,WGSSRGWLGP,9,TMC4_HUMAN
TMC4,p.A20G,SSRGWLGPR,9,TMC4_HUMAN
TMC4,p.A20G,GSSRGWLGPR,9,TMC4_HUMAN
TMC4,p.A20G,WLGPREARG,9,TMC4_HUMAN
TMC4,p.A20G,LGPREARGAP,9,TMC4_HUMAN
TMC4,p.A20G,AWGSSRGWLG,9,TMC4_HUMAN
TMC4,p.A20G,GWLGPREAR,9,TMC4_HUMAN
TMC4,p.A20G,WLGPREARGAP,9,TMC4_HUMAN
TMC4,p.A20G,GWLGPREARGA,9,TMC4_HUMAN
TMC4,p.A20G,GPREARGAP,9,TMC4_HUMAN
TMC4,p.A20G,SRGWLGPRE,9,TMC4_HUMAN
TMC4,p.A20G,WLGPREARGA,9,TMC4_HUMAN
TMC4,p.A20G,LGPREARGA,9,TMC4_HUMAN
TMC4,p.A20G,SRGWLGPREAR,9,TMC4_HUMAN
TMC4,p.A20G,GPREARGAPC,9,TMC4_HUMAN
TMC4,p.A20G,GWLGPREARG,9,TMC4_HUMAN
TMC4,p.A20G,SSRGWLGPREA,9,TMC4_HUMAN
TMC4,p.A20G,LGPREARGAPC,9,TMC4_HUMAN
TMC4,p.A20G,SRGWLGPREA,9,TMC4_HUMAN
TMC4,p.A20G,RGWLGPREAR,9,TMC4_HUMAN
TP53,p.R273H,SFEVHVCAC,9,P53_HUMAN
TP53,p.R273H,NLLGRNSFEVH,9,P53_HUMAN
TP53,p.R273H,EVHVCACPGRD,9,P53_HUMAN
TP53,p.R273H,LLGRNSFEVHV,9,P53_HUMAN
TP53,p.R273H,EVHVCACPG,9,P53_HUMAN
TP53,p.R273H,HVCACPGRDR,9,P53_HUMAN
TP53,p.R273H,HVCACPGRDRR,9,P53_HUMAN
TP53,p.R273H,RNSFEVHVCA,9,P53_HUMAN
TP53,p.R273H,GRNSFEVHVC,9,P53_HUMAN
TP53,p.R273H,SFEVHVCACP,9,P53_HUMAN
TP53,p.R273H,NSFEVHVCA,9,P53_HUMAN
TP53,p.R273H,LGRNSFEVHV,9,P53_HUMAN
TP53,p.R273H,GRNSFEVHVCA,9,P53_HUMAN
TP53,p.R273H,FEVHVCACPGR,9,P53_HUMAN
TP53,p.R273H,LGRNSFEVH,9,P53_HUMAN
TP53,p.R273H,NSFEVHVCACP,9,P53_HUMAN
TP53,p.R273H,RNSFEVHVCAC,9,P53_HUMAN
TP53,p.R273H,FEVHVCACP,9,P53_HUMAN
TP53,p.R273H,VHVCACPGR,9,P53_HUMAN
TP53,p.R273H,HVCACPGRD,9,P53_HUMAN
TP53,p.R273H,NSFEVHVCAC,9,P53_HUMAN
TP53,p.R273H,LLGRNSFEVH,9,P53_HUMAN
TP53,p.R273H,RNSFEVHVC,9,P53_HUMAN
TP53,p.R273H,LGRNSFEVHVC,9,P53_HUMAN
TP53,p.R273H,EVHVCACPGR,9,P53_HUMAN
TP53,p.R273H,FEVHVCACPG,9,P53_HUMAN
TP53,p.R273H,GRNSFEVHV,9,P53_HUMAN
TP53,p.R273H,VHVCACPGRDR,9,P53_HUMAN
TP53,p.R273H,SFEVHVCACPG,9,P53_HUMAN
TP53,p.R273H,VHVCACPGRD,9,P53_HUMAN
LRRC4,p.A123P,GLPSLNTLEL,8,LRRC4_HUMAN
LRRC4,p.A123P,EVGAFNGLPSL,8,LRRC4_HUMAN
LRRC4,p.A123P,NGLPSLNTLEL,8,LRRC4_HUMAN
LRRC4,p.A123P,LPSLNTLELFD,8,LRRC4_HUMAN
LRRC4,p.A123P,PSLNTLELFD,8,LRRC4_HUMAN
LRRC4,p.A123P,PSLNTLELFDN,8,LRRC4_HUMAN
LRRC4,p.A123P,AFNGLPSLNTL,8,LRRC4_HUMAN
LRRC4,p.A123P,AFNGLPSLNT,8,LRRC4_HUMAN
LRRC4,p.A123P,FNGLPSLNTLE,8,LRRC4_HUMAN
LRRC4,p.A123P,GLPSLNTLE,8,LRRC4_HUMAN
LRRC4,p.A123P,VGAFNGLPS,8,LRRC4_HUMAN
LRRC4,p.A123P,GLPSLNTLELF,8,LRRC4_HUMAN
LRRC4,p.A123P,QIEVGAFNGLP,8,LRRC4_HUMAN
LRRC4,p.A123P,FNGLPSLNT,8,LRRC4_HUMAN
LRRC4,p.A123P,FNGLPSLNTL,8,LRRC4_HUMAN
LRRC4,p.A123P,AFNGLPSLN,8,LRRC4_HUMAN
LRRC4,p.A123P,VGAFNGLPSL,8,LRRC4_HUMAN
LRRC4,p.A123P,EVGAFNGLPS,8,LRRC4_HUMAN
LRRC4,p.A123P,GAFNGLPSLNT,8,LRRC4_HUMAN
LRRC4,p.A123P,NGLPSLNTL,8,LRRC4_HUMAN
LRRC4,p.A123P,VGAFNGLPSLN,8,LRRC4_HUMAN
LRRC4,p.A123P,GAFNGLPSL,8,LRRC4_HUMAN
LRRC4,p.A123P,NGLPSLNTLE,8,LRRC4_HUMAN
LRRC4,p.A123P,IEVGAFNGLP,8,LRRC4_HUMAN
LRRC4,p.A123P,GAFNGLPSLN,8,LRRC4_HUMAN
LRRC4,p.A123P,PSLNTLELF,8,LRRC4_HUMAN
LRRC4,p.A123P,IEVGAFNGLPS,8,LRRC4_HUMAN
LRRC4,p.A123P,EVGAFNGLP,8,LRRC4_HUMAN
LRRC4,p.A123P,LPSLNTLELF,8,LRRC4_HUMAN
LRRC4,p.A123P,LPSLNTLEL,8,LRRC4_HUMAN
GAB2,p.R354P,IAPPPPPPK,7,GAB2_HUMAN
GAB2,p.R354P,PPPPKPSQA,7,GAB2_HUMAN
GAB2,p.R354P,APPPPPPKP,7,GAB2_HUMAN
GAB2,p.R354P,SAIAPPPPPPK,7,GAB2_HUMAN
GAB2,p.R354P,PPPPPKPSQ,7,GAB2_HUMAN
GAB2,p.R354P,PPPKPSQAET,7,GAB2_HUMAN
GAB2,p.R354P,PPPPPKPSQA,7,GAB2_HUMAN
GAB2,p.R354P,SAIAPPPPPP,7,GAB2_HUMAN
GAB2,p.R354P,PPPPPKPSQAE,7,GAB2_HUMAN
GAB2,p.R354P,PPPPPPKPS,7,GAB2_HUMAN
GAB2,p.R354P,GDSAIAPPPP,7,GAB2_HUMAN
GAB2,p.R354P,PPPPKPSQAE,7,GAB2_HUMAN
GAB2,p.R354P,PGDSAIAPPPP,7,GAB2_HUMAN
GAB2,p.R354P,APPPPPPKPSQ,7,GAB2_HUMAN
GAB2,p.R354P,SAIAPPPPP,7,GAB2_HUMAN
GAB2,p.R354P,IAPPPPPPKP,7,GAB2_HUMAN
GAB2,p.R354P,GDSAIAPPPPP,7,GAB2_HUMAN
GAB2,p.R354P,PPPKPSQAE,7,GAB2_HUMAN
GAB2,p.R354P,IAPPPPPPKPS,7,GAB2_HUMAN
GAB2,p.R354P,DSAIAPPPPPP,7,GAB2_HUMAN
GAB2,p.R354P,PPPPPPKPSQ,7,GAB2_HUMAN
GAB2,p.R354P,PPPPKPSQAET,7,GAB2_HUMAN
GAB2,p.R354P,DSAIAPPPPP,7,GAB2_HUMAN
GAB2,p.R354P,PPPPPPKPSQA,7,GAB2_HUMAN
GAB2,p.R354P,AIAPPPPPPKP,7,GAB2_HUMAN
GAB2,p.R354P,AIAPPPPPPK,7,GAB2_HUMAN
GAB2,p.R354P,APPPPPPKPS,7,GAB2_HUMAN
GAB2,p.R354P,AIAPPPPPP,7,GAB2_HUMAN
GAB2,p.R354P,PPPKPSQAETP,7,GAB2_HUMAN
GAB2,p.R354P,DSAIAPPPP,7,GAB2_HUMAN
ERBB3,p.V104M,LPNLRMVRGT,7,ERBB3_HUMAN
ERBB3,p.V104M,TLPLPNLRMV,7,ERBB3_HUMAN
ERBB3,p.V104M,LRMVRGTQVY,7,ERBB3_HUMAN
ERBB3,p.V104M,PNLRMVRGT,7,ERBB3_HUMAN
ERBB3,p.V104M,LPLPNLRMV,7,ERBB3_HUMAN
ERBB3,p.V104M,RMVRGTQVYDG,7,ERBB3_HUMAN
ERBB3,p.V104M,RMVRGTQVY,7,ERBB3_HUMAN
ERBB3,p.V104M,STLPLPNLRMV,7,ERBB3_HUMAN
ERBB3,p.V104M,PNLRMVRGTQV,7,ERBB3_HUMAN
ERBB3,p.V104M,MVRGTQVYDG,7,ERBB3_HUMAN
ERBB3,p.V104M,RMVRGTQVYD,7,ERBB3_HUMAN
ERBB3,p.V104M,MVRGTQVYD,7,ERBB3_HUMAN
ERBB3,p.V104M,NLRMVRGTQ,7,ERBB3_HUMAN
ERBB3,p.V104M,PLPNLRMVR,7,ERBB3_HUMAN
ERBB3,p.V104M,LRMVRGTQVYD,7,ERBB3_HUMAN
ERBB3,p.V104M,PLPNLRMVRG,7,ERBB3_HUMAN
ERBB3,p.V104M,MVRGTQVYDGK,7,ERBB3_HUMAN
ERBB3,p.V104M,FSTLPLPNLRM,7,ERBB3_HUMAN
ERBB3,p.V104M,LPLPNLRMVR,7,ERBB3_HUMAN
ERBB3,p.V104M,TLPLPNLRM,7,ERBB3_HUMAN
ERBB3,p.V104M,PLPNLRMVRGT,7,ERBB3_HUMAN
ERBB3,p.V104M,NLRMVRGTQV,7,ERBB3_HUMAN
ERBB3,p.V104M,LPNLRMVRG,7,ERBB3_HUMAN
ERBB3,p.V104M,PNLRMVRGTQ,7,ERBB3_HUMAN
ERBB3,p.V104M,NLRMVRGTQVY,7,ERBB3_HUMAN
ERBB3,p.V104M,LPNLRMVRGTQ,7,ERBB3_HUMAN
ERBB3,p.V104M,LPLPNLRMVRG,7,ERBB3_HUMAN
ERBB3,p.V104M,LRMVRGTQV,7,ERBB3_HUMAN
ERBB3,p.V104M,STLPLPNLRM,7,ERBB3_HUMAN
ERBB3,p.V104M,TLPLPNLRMVR,7,ERBB3_HUMAN
P2RY4,p.R225P,LVCYGLMAPRL,7,P2RY4_HUMAN
P2RY4,p.R225P,GLMAPRLYQ,7,P2RY4_HUMAN
P2RY4,p.R225P,PRLYQPLPG,7,P2RY4_HUMAN
P2RY4,p.R225P,LMAPRLYQP,7,P2RY4_HUMAN
P2RY4,p.R225P,APRLYQPLP,7,P2RY4_HUMAN
P2RY4,p.R225P,PRLYQPLPGSA,7,P2RY4_HUMAN
P2RY4,p.R225P,GLMAPRLYQP,7,P2RY4_HUMAN
P2RY4,p.R225P,PRLYQPLPGS,7,P2RY4_HUMAN
P2RY4,p.R225P,APRLYQPLPGS,7,P2RY4_HUMAN
P2RY4,p.R225P,VCYGLMAPR,7,P2RY4_HUMAN
P2RY4,p.R225P,CYGLMAPRL,7,P2RY4_HUMAN
P2RY4,p.R225P,TLVCYGLMAP,7,P2RY4_HUMAN
P2RY4,p.R225P,LMAPRLYQPL,7,P2RY4_HUMAN
P2RY4,p.R225P,CYGLMAPRLY,7,P2RY4_HUMAN
P2RY4,p.R225P,LVCYGLMAP,7,P2RY4_HUMAN
P2RY4,p.R225P,LVCYGLMAPR,7,P2RY4_HUMAN
P2RY4,p.R225P,VCYGLMAPRLY,7,P2RY4_HUMAN
P2RY4,p.R225P,APRLYQPLPG,7,P2RY4_HUMAN
P2RY4,p.R225P,LMAPRLYQPLP,7,P2RY4_HUMAN
P2RY4,p.R225P,VTLVCYGLMAP,7,P2RY4_HUMAN
P2RY4,p.R225P,VCYGLMAPRL,7,P2RY4_HUMAN
P2RY4,p.R225P,YGLMAPRLYQP,7,P2RY4_HUMAN
P2RY4,p.R225P,YGLMAPRLYQ,7,P2RY4_HUMAN
P2RY4,p.R225P,MAPRLYQPL,7,P2RY4_HUMAN
P2RY4,p.R225P,TLVCYGLMAPR,7,P2RY4_HUMAN
P2RY4,p.R225P,CYGLMAPRLYQ,7,P2RY4_HUMAN
P2RY4,p.R225P,YGLMAPRLY,7,P2RY4_HUMAN
P2RY4,p.R225P,MAPRLYQPLP,7,P2RY4_HUMAN
P2RY4,p.R225P,MAPRLYQPLPG,7,P2RY4_HUMAN
P2RY4,p.R225P,GLMAPRLYQPL,7,P2RY4_HUMAN
PIK3CA,p.E542K,STRDPLSKI,7,PK3CA_HUMAN
PIK3CA,p.E542K,PLSKITEQEKD,7,PK3CA_HUMAN
PIK3CA,p.E542K,RDPLSKITE,7,PK3CA_HUMAN
PIK3CA,p.E542K,PLSKITEQEK,7,PK3CA_HUMAN
PIK3CA,p.E542K,KAISTRDPLSK,7,PK3CA_HUMAN
PIK3CA,p.E542K,RDPLSKITEQ,7,PK3CA_HUMAN
PIK3CA,p.E542K,ISTRDPLSKIT,7,PK3CA_HUMAN
PIK3CA,p.E542K,ISTRDPLSK,7,PK3CA_HUMAN
PIK3CA,p.E542K,DPLSKITEQE,7,PK3CA_HUMAN
PIK3CA,p.E542K,LSKITEQEKD,7,PK3CA_HUMAN
PIK3CA,p.E542K,STRDPLSKIT,7,PK3CA_HUMAN
PIK3CA,p.E542K,TRDPLSKIT,7,PK3CA_HUMAN
PIK3CA,p.E542K,LSKITEQEKDF,7,PK3CA_HUMAN
PIK3CA,p.E542K,SKITEQEKDFL,7,PK3CA_HUMAN
PIK3CA,p.E542K,KITEQEKDF,7,PK3CA_HUMAN
PIK3CA,p.E542K,SKITEQEKDF,7,PK3CA_HUMAN
PIK3CA,p.E542K,RDPLSKITEQE,7,PK3CA_HUMAN
PIK3CA,p.E542K,TRDPLSKITE,7,PK3CA_HUMAN
PIK3CA,p.E542K,SKITEQEKD,7,PK3CA_HUMAN
PIK3CA,p.E542K,DPLSKITEQ,7,PK3CA_HUMAN
PIK3CA,p.E542K,STRDPLSKITE,7,PK3CA_HUMAN
PIK3CA,p.E542K,LSKITEQEK,7,PK3CA_HUMAN
PIK3CA,p.E542K,KITEQEKDFLW,7,PK3CA_HUMAN
PIK3CA,p.E542K,TRDPLSKITEQ,7,PK3CA_HUMAN
PIK3CA,p.E542K,AISTRDPLSKI,7,PK3CA_HUMAN
PIK3CA,p.E542K,DPLSKITEQEK,7,PK3CA_HUMAN
PIK3CA,p.E542K,KITEQEKDFL,7,PK3CA_HUMAN
PIK3CA,p.E542K,AISTRDPLSK,7,PK3CA_HUMAN
PIK3CA,p.E542K,PLSKITEQE,7,PK3CA_HUMAN
PIK3CA,p.E542K,ISTRDPLSKI,7,PK3CA_HUMAN
TP53,p.R282W,CACPGRDWRTE,7,P53_HUMAN
TP53,p.R282W,GRDWRTEEEN,7,P53_HUMAN
TP53,p.R282W,VCACPGRDWR,7,P53_HUMAN
TP53,p.R282W,GRDWRTEEENL,7,P53_HUMAN
TP53,p.R282W,PGRDWRTEEEN,7,P53_HUMAN
TP53,p.R282W,ACPGRDWRT,7,P53_HUMAN
TP53,p.R282W,CACPGRDWRT,7,P53_HUMAN
TP53,p.R282W,ACPGRDWRTEE,7,P53_HUMAN
TP53,p.R282W,RDWRTEEENLR,7,P53_HUMAN
TP53,p.R282W,WRTEEENLRKK,7,P53_HUMAN
TP53,p.R282W,PGRDWRTEE,7,P53_HUMAN
TP53,p.R282W,VCACPGRDW,7,P53_HUMAN
TP53,p.R282W,VRVCACPGRDW,7,P53_HUMAN
TP53,p.R282W,CACPGRDWR,7,P53_HUMAN
TP53,p.R282W,DWRTEEENLR,7,P53_HUMAN
TP53,p.R282W,RDWRTEEENL,7,P53_HUMAN
TP53,p.R282W,ACPGRDWRTE,7,P53_HUMAN
TP53,p.R282W,PGRDWRTEEE,7,P53_HUMAN
TP53,p.R282W,RVCACPGRDW,7,P53_HUMAN
TP53,p.R282W,DWRTEEENL,7,P53_HUMAN
TP53,p.R282W,CPGRDWRTE,7,P53_HUMAN
TP53,p.R282W,VCACPGRDWRT,7,P53_HUMAN
TP53,p.R282W,CPGRDWRTEE,7,P53_HUMAN
TP53,p.R282W,GRDWRTEEE,7,P53_HUMAN
TP53,p.R282W,RDWRTEEEN,7,P53_HUMAN
TP53,p.R282W,RVCACPGRDWR,7,P53_HUMAN
TP53,p.R282W,WRTEEENLRK,7,P53_HUMAN
TP53,p.R282W,DWRTEEENLRK,7,P53_HUMAN
TP53,p.R282W,CPGRDWRTEEE,7,P53_HUMAN
TP53,p.R282W,WRTEEENLR,7,P53_HUMAN
CBWD6,p.A147T,PGAVTSMFWV,6,CBWD6_HUMAN
CBWD6,p.A147T,PGAVTSMFW,6,CBWD6_HUMAN
CBWD6,p.A147T,GAVTSMFWVD,6,CBWD6_HUMAN
CBWD6,p.A147T,TSMFWVDAE,6,CBWD6_HUMAN
CBWD6,p.A147T,TSMFWVDAELG,6,CBWD6_HUMAN
CBWD6,p.A147T,TGLADPGAVT,6,CBWD6_HUMAN
CBWD6,p.A147T,ADPGAVTSMFW,6,CBWD6_HUMAN
CBWD6,p.A147T,TTGLADPGAVT,6,CBWD6_HUMAN
CBWD6,p.A147T,ADPGAVTSM,6,CBWD6_HUMAN
CBWD6,p.A147T,AVTSMFWVD,6,CBWD6_HUMAN
CBWD6,p.A147T,ADPGAVTSMF,6,CBWD6_HUMAN
CBWD6,p.A147T,GLADPGAVT,6,CBWD6_HUMAN
CBWD6,p.A147T,PGAVTSMFWVD,6,CBWD6_HUMAN
CBWD6,p.A147T,TSMFWVDAEL,6,CBWD6_HUMAN
CBWD6,p.A147T,DPGAVTSMFW,6,CBWD6_HUMAN
CBWD6,p.A147T,GLADPGAVTSM,6,CBWD6_HUMAN
CBWD6,p.A147T,VTSMFWVDAEL,6,CBWD6_HUMAN
CBWD6,p.A147T,TGLADPGAVTS,6,CBWD6_HUMAN
CBWD6,p.A147T,GAVTSMFWVDA,6,CBWD6_HUMAN
CBWD6,p.A147T,DPGAVTSMF,6,CBWD6_HUMAN
CBWD6,p.A147T,VTSMFWVDA,6,CBWD6_HUMAN
CBWD6,p.A147T,LADPGAVTSMF,6,CBWD6_HUMAN
CBWD6,p.A147T,AVTSMFWVDAE,6,CBWD6_HUMAN
CBWD6,p.A147T,AVTSMFWVDA,6,CBWD6_HUMAN
CBWD6,p.A147T,DPGAVTSMFWV,6,CBWD6_HUMAN
CBWD6,p.A147T,GAVTSMFWV,6,CBWD6_HUMAN
CBWD6,p.A147T,VTSMFWVDAE,6,CBWD6_HUMAN
CBWD6,p.A147T,GLADPGAVTS,6,CBWD6_HUMAN
CBWD6,p.A147T,LADPGAVTSM,6,CBWD6_HUMAN
CBWD6,p.A147T,LADPGAVTS,6,CBWD6_HUMAN
CCAR1,p.Q72K,TAALQQKAA,6,CCAR1_HUMAN
CCAR1,p.Q72K,QLTQTAALQQK,6,CCAR1_HUMAN
CCAR1,p.Q72K,LQQKAAAAAAA,6,CCAR1_HUMAN
CCAR1,p.Q72K,QTAALQQKA,6,CCAR1_HUMAN
CCAR1,p.Q72K,ALQQKAAAA,6,CCAR1_HUMAN
CCAR1,p.Q72K,AALQQKAAAAA,6,CCAR1_HUMAN
CCAR1,p.Q72K,KAAAAAAALQ,6,CCAR1_HUMAN
CCAR1,p.Q72K,ALQQKAAAAA,6,CCAR1_HUMAN
CCAR1,p.Q72K,LTQTAALQQK,6,CCAR1_HUMAN
CCAR1,p.Q72K,TQTAALQQKAA,6,CCAR1_HUMAN
CCAR1,p.Q72K,TQTAALQQK,6,CCAR1_HUMAN
CCAR1,p.Q72K,LQQKAAAAAA,6,CCAR1_HUMAN
CCAR1,p.Q72K,QQKAAAAAAAL,6,CCAR1_HUMAN
CCAR1,p.Q72K,QKAAAAAAAL,6,CCAR1_HUMAN
CCAR1,p.Q72K,LTQTAALQQKA,6,CCAR1_HUMAN
CCAR1,p.Q72K,TAALQQKAAA,6,CCAR1_HUMAN
CCAR1,p.Q72K,KAAAAAAALQQ,6,CCAR1_HUMAN
CCAR1,p.Q72K,QKAAAAAAA,6,CCAR1_HUMAN
CCAR1,p.Q72K,LQQKAAAAA,6,CCAR1_HUMAN
CCAR1,p.Q72K,QKAAAAAAALQ,6,CCAR1_HUMAN
CCAR1,p.Q72K,TQTAALQQKA,6,CCAR1_HUMAN
CCAR1,p.Q72K,QQKAAAAAAA,6,CCAR1_HUMAN
CCAR1,p.Q72K,QTAALQQKAAA,6,CCAR1_HUMAN
CCAR1,p.Q72K,ALQQKAAAAAA,6,CCAR1_HUMAN
CCAR1,p.Q72K,KAAAAAAAL,6,CCAR1_HUMAN
CCAR1,p.Q72K,AALQQKAAAA,6,CCAR1_HUMAN
CCAR1,p.Q72K,QTAALQQKAA,6,CCAR1_HUMAN
CCAR1,p.Q72K,QQKAAAAAA,6,CCAR1_HUMAN
CCAR1,p.Q72K,TAALQQKAAAA,6,CCAR1_HUMAN
CCAR1,p.Q72K,AALQQKAAA,6,CCAR1_HUMAN
PLA2G1B,p.L53F,NNYGCYCGFG,6,PA21B_HUMAN
PLA2G1B,p.L53F,CYCGFGGSGTP,6,PA21B_HUMAN
PLA2G1B,p.L53F,NYGCYCGFGG,6,PA21B_HUMAN
PLA2G1B,p.L53F,CGFGGSGTP,6,PA21B_HUMAN
PLA2G1B,p.L53F,CGFGGSGTPV,6,PA21B_HUMAN
PLA2G1B,p.L53F,YCGFGGSGTPV,6,PA21B_HUMAN
PLA2G1B,p.L53F,GFGGSGTPV,6,PA21B_HUMAN
PLA2G1B,p.L53F,YCGFGGSGTP,6,PA21B_HUMAN
PLA2G1B,p.L53F,FGGSGTPVD,6,PA21B_HUMAN
PLA2G1B,p.L53F,NNYGCYCGF,6,PA21B_HUMAN
PLA2G1B,p.L53F,YGCYCGFGGSG,6,PA21B_HUMAN
PLA2G1B,p.L53F,GFGGSGTPVDE,6,PA21B_HUMAN
PLA2G1B,p.L53F,FGGSGTPVDE,6,PA21B_HUMAN
PLA2G1B,p.L53F,YGCYCGFGGS,6,PA21B_HUMAN
PLA2G1B,p.L53F,CYCGFGGSGT,6,PA21B_HUMAN
PLA2G1B,p.L53F,GCYCGFGGSG,6,PA21B_HUMAN
PLA2G1B,p.L53F,CGFGGSGTPVD,6,PA21B_HUMAN
PLA2G1B,p.L53F,NYGCYCGFG,6,PA21B_HUMAN
PLA2G1B,p.L53F,FGGSGTPVDEL,6,PA21B_HUMAN
PLA2G1B,p.L53F,GCYCGFGGS,6,PA21B_HUMAN
PLA2G1B,p.L53F,EYNNYGCYCGF,6,PA21B_HUMAN
PLA2G1B,p.L53F,CYCGFGGSG,6,PA21B_HUMAN
PLA2G1B,p.L53F,GCYCGFGGSGT,6,PA21B_HUMAN
PLA2G1B,p.L53F,YGCYCGFGG,6,PA21B_HUMAN
PLA2G1B,p.L53F,GFGGSGTPVD,6,PA21B_HUMAN
PLA2G1B,p.L53F,YCGFGGSGT,6,PA21B_HUMAN
PLA2G1B,p.L53F,YNNYGCYCGFG,6,PA21B_HUMAN
PLA2G1B,p.L53F,NYGCYCGFGGS,6,PA21B_HUMAN
PLA2G1B,p.L53F,YNNYGCYCGF,6,PA21B_HUMAN
PLA2G1B,p.L53F,NNYGCYCGFGG,6,PA21B_HUMAN
SPATA20,p.P496Q,ARKHRQKPH,6,SPT20_HUMAN
SPATA20,p.P496Q,QKPHLDSKML,6,SPT20_HUMAN
SPATA20,p.P496Q,QARKHRQKPH,6,SPT20_HUMAN
SPATA20,p.P496Q,LFQARKHRQK,6,SPT20_HUMAN
SPATA20,p.P496Q,LFQARKHRQKP,6,SPT20_HUMAN
SPATA20,p.P496Q,KHRQKPHLD,6,SPT20_HUMAN
SPATA20,p.P496Q,ARKHRQKPHL,6,SPT20_HUMAN
SPATA20,p.P496Q,KLFQARKHRQ,6,SPT20_HUMAN
SPATA20,p.P496Q,KHRQKPHLDSK,6,SPT20_HUMAN
SPATA20,p.P496Q,KLFQARKHRQK,6,SPT20_HUMAN
SPATA20,p.P496Q,KHRQKPHLDS,6,SPT20_HUMAN
SPATA20,p.P496Q,QKPHLDSKMLA,6,SPT20_HUMAN
SPATA20,p.P496Q,QARKHRQKPHL,6,SPT20_HUMAN
SPATA20,p.P496Q,RQKPHLDSKML,6,SPT20_HUMAN
SPATA20,p.P496Q,FQARKHRQKPH,6,SPT20_HUMAN
SPATA20,p.P496Q,HRQKPHLDSK,6,SPT20_HUMAN
SPATA20,p.P496Q,QARKHRQKP,6,SPT20_HUMAN
SPATA20,p.P496Q,QKPHLDSKM,6,SPT20_HUMAN
SPATA20,p.P496Q,HRQKPHLDS,6,SPT20_HUMAN
SPATA20,p.P496Q,FQARKHRQK,6,SPT20_HUMAN
SPATA20,p.P496Q,FQARKHRQKP,6,SPT20_HUMAN
SPATA20,p.P496Q,EKLFQARKHRQ,6,SPT20_HUMAN
SPATA20,p.P496Q,RQKPHLDSK,6,SPT20_HUMAN
SPATA20,p.P496Q,HRQKPHLDSKM,6,SPT20_HUMAN
SPATA20,p.P496Q,RQKPHLDSKM,6,SPT20_HUMAN
SPATA20,p.P496Q,ARKHRQKPHLD,6,SPT20_HUMAN
SPATA20,p.P496Q,LFQARKHRQ,6,SPT20_HUMAN
SPATA20,p.P496Q,RKHRQKPHL,6,SPT20_HUMAN
SPATA20,p.P496Q,RKHRQKPHLD,6,SPT20_HUMAN
SPATA20,p.P496Q,RKHRQKPHLDS,6,SPT20_HUMAN
TP53,p.R248Q,NQRPILTIIT,6,P53_HUMAN
TP53,p.R248Q,QRPILTIITLE,6,P53_HUMAN
TP53,p.R248Q,NQRPILTIITL,6,P53_HUMAN
TP53,p.R248Q,GMNQRPILTI,6,P53_HUMAN
TP53,p.R248Q,CNSSCMGGMNQ,6,P53_HUMAN
TP53,p.R248Q,NQRPILTII,6,P53_HUMAN
TP53,p.R248Q,SCMGGMNQRPI,6,P53_HUMAN
TP53,p.R248Q,SCMGGMNQR,6,P53_HUMAN
TP53,p.R248Q,MNQRPILTI,6,P53_HUMAN
TP53,p.R248Q,NSSCMGGMNQR,6,P53_HUMAN
TP53,p.R248Q,SSCMGGMNQRP,6,P53_HUMAN
TP53,p.R248Q,QRPILTIITL,6,P53_HUMAN
TP53,p.R248Q,GMNQRPILTII,6,P53_HUMAN
TP53,p.R248Q,GGMNQRPIL,6,P53_HUMAN
TP53,p.R248Q,SCMGGMNQRP,6,P53_HUMAN
TP53,p.R248Q,GGMNQRPILT,6,P53_HUMAN
TP53,p.R248Q,GMNQRPILT,6,P53_HUMAN
TP53,p.R248Q,GGMNQRPILTI,6,P53_HUMAN
TP53,p.R248Q,QRPILTIIT,6,P53_HUMAN
TP53,p.R248Q,MNQRPILTIIT,6,P53_HUMAN
TP53,p.R248Q,CMGGMNQRPIL,6,P53_HUMAN
TP53,p.R248Q,MNQRPILTII,6,P53_HUMAN
TP53,p.R248Q,MGGMNQRPIL,6,P53_HUMAN
TP53,p.R248Q,SSCMGGMNQR,6,P53_HUMAN
TP53,p.R248Q,NSSCMGGMNQ,6,P53_HUMAN
TP53,p.R248Q,MGGMNQRPILT,6,P53_HUMAN
TP53,p.R248Q,CMGGMNQRPI,6,P53_HUMAN
TP53,p.R248Q,CMGGMNQRP,6,P53_HUMAN
TP53,p.R248Q,MGGMNQRPI,6,P53_HUMAN
TP53,p.R248Q,SSCMGGMNQ,6,P53_HUMAN
CNBD1,p.L396P,MGKPKEKESF,5,CNBD1_HUMAN
CNBD1,p.L396P,YMGKPKEKES,5,CNBD1_HUMAN
CNBD1,p.L396P,PKEKESFGEIS,5,CNBD1_HUMAN
CNBD1,p.L396P,YMGKPKEKE,5,CNBD1_HUMAN
CNBD1,p.L396P,VYMGKPKEK,5,CNBD1_HUMAN
CNBD1,p.L396P,MGKPKEKESFG,5,CNBD1_HUMAN
CNBD1,p.L396P,QKLVYMGKP,5,CNBD1_HUMAN
CNBD1,p.L396P,PKEKESFGEI,5,CNBD1_HUMAN
CNBD1,p.L396P,LVYMGKPKE,5,CNBD1_HUMAN
CNBD1,p.L396P,LVYMGKPKEK,5,CNBD1_HUMAN
CNBD1,p.L396P,GKPKEKESFG,5,CNBD1_HUMAN
CNBD1,p.L396P,KPKEKESFGEI,5,CNBD1_HUMAN
CNBD1,p.L396P,KPKEKESFG,5,CNBD1_HUMAN
CNBD1,p.L396P,VYMGKPKEKES,5,CNBD1_HUMAN
CNBD1,p.L396P,QKLVYMGKPKE,5,CNBD1_HUMAN
CNBD1,p.L396P,QKLVYMGKPK,5,CNBD1_HUMAN
CNBD1,p.L396P,KLVYMGKPKE,5,CNBD1_HUMAN
CNBD1,p.L396P,KPKEKESFGE,5,CNBD1_HUMAN
CNBD1,p.L396P,LVYMGKPKEKE,5,CNBD1_HUMAN
CNBD1,p.L396P,SQKLVYMGKPK,5,CNBD1_HUMAN
CNBD1,p.L396P,YMGKPKEKESF,5,CNBD1_HUMAN
CNBD1,p.L396P,KLVYMGKPK,5,CNBD1_HUMAN
CNBD1,p.L396P,PKEKESFGE,5,CNBD1_HUMAN
CNBD1,p.L396P,RSQKLVYMGKP,5,CNBD1_HUMAN
CNBD1,p.L396P,VYMGKPKEKE,5,CNBD1_HUMAN
CNBD1,p.L396P,GKPKEKESF,5,CNBD1_HUMAN
CNBD1,p.L396P,MGKPKEKES,5,CNBD1_HUMAN
CNBD1,p.L396P,KLVYMGKPKEK,5,CNBD1_HUMAN
CNBD1,p.L396P,GKPKEKESFGE,5,CNBD1_HUMAN
CNBD1,p.L396P,SQKLVYMGKP,5,CNBD1_HUMAN
CLIP2,p.T386K,KAKSHICEVE,5,CLIP2_HUMAN
CLIP2,p.T386K,AKAKSHICEV,5,CLIP2_HUMAN
CLIP2,p.T386K,EVAKAKSHIC,5,CLIP2_HUMAN
CLIP2,p.T386K,KSHICEVEKE,5,CLIP2_HUMAN
CLIP2,p.T386K,EVAKAKSHICE,5,CLIP2_HUMAN
CLIP2,p.T386K,KAKSHICEV,5,CLIP2_HUMAN
CLIP2,p.T386K,AKSHICEVEKE,5,CLIP2_HUMAN
CLIP2,p.T386K,KSHICEVEK,5,CLIP2_HUMAN
CLIP2,p.T386K,AKSHICEVEK,5,CLIP2_HUMAN
CLIP2,p.T386K,VAKAKSHICEV,5,CLIP2_HUMAN
CLIP2,p.T386K,AEVAKAKSHIC,5,CLIP2_HUMAN
CLIP2,p.T386K,LERAEVAKAKS,5,CLIP2_HUMAN
CLIP2,p.T386K,ERAEVAKAKSH,5,CLIP2_HUMAN
CLIP2,p.T386K,AKSHICEVE,5,CLIP2_HUMAN
CLIP2,p.T386K,RAEVAKAKSH,5,CLIP2_HUMAN
CLIP2,p.T386K,KAKSHICEVEK,5,CLIP2_HUMAN
CLIP2,p.T386K,AKAKSHICEVE,5,CLIP2_HUMAN
CLIP2,p.T386K,VAKAKSHICE,5,CLIP2_HUMAN
CLIP2,p.T386K,KSHICEVEKEI,5,CLIP2_HUMAN
CLIP2,p.T386K,RAEVAKAKS,5,CLIP2_HUMAN
CLIP2,p.T386K,ERAEVAKAK,5,CLIP2_HUMAN
CLIP2,p.T386K,ERAEVAKAKS,5,CLIP2_HUMAN
CLIP2,p.T386K,LERAEVAKAK,5,CLIP2_HUMAN
CLIP2,p.T386K,EVAKAKSHI,5,CLIP2_HUMAN
CLIP2,p.T386K,AKAKSHICE,5,CLIP2_HUMAN
CLIP2,p.T386K,RAEVAKAKSHI,5,CLIP2_HUMAN
CLIP2,p.T386K,AEVAKAKSH,5,CLIP2_HUMAN
CLIP2,p.T386K,VAKAKSHIC,5,CLIP2_HUMAN
CLIP2,p.T386K,DLERAEVAKAK,5,CLIP2_HUMAN
CLIP2,p.T386K,AEVAKAKSHI,5,CLIP2_HUMAN
GANAB,p.A199P,DGPQPEETPR,5,GANAB_HUMAN
GANAB,p.A199P,GPQPEETPR,5,GANAB_HUMAN
GANAB,p.A199P,GSKDPAEGDGP,5,GANAB_HUMAN
GANAB,p.A199P,DPAEGDGPQP,5,GANAB_HUMAN
GANAB,p.A199P,PQPEETPRDGD,5,GANAB_HUMAN
GANAB,p.A199P,SKDPAEGDGP,5,GANAB_HUMAN
GANAB,p.A199P,PAEGDGPQP,5,GANAB_HUMAN
GANAB,p.A199P,PQPEETPRD,5,GANAB_HUMAN
GANAB,p.A199P,DGPQPEETPRD,5,GANAB_HUMAN
GANAB,p.A199P,DGPQPEETP,5,GANAB_HUMAN
GANAB,p.A199P,PAEGDGPQPE,5,GANAB_HUMAN
GANAB,p.A199P,AEGDGPQPE,5,GANAB_HUMAN
GANAB,p.A199P,EGDGPQPEETP,5,GANAB_HUMAN
GANAB,p.A199P,PQPEETPRDG,5,GANAB_HUMAN
GANAB,p.A199P,PAEGDGPQPEE,5,GANAB_HUMAN
GANAB,p.A199P,KDPAEGDGPQ,5,GANAB_HUMAN
GANAB,p.A199P,GPQPEETPRDG,5,GANAB_HUMAN
GANAB,p.A199P,GDGPQPEET,5,GANAB_HUMAN
GANAB,p.A199P,EGDGPQPEE,5,GANAB_HUMAN
GANAB,p.A199P,AEGDGPQPEET,5,GANAB_HUMAN
GANAB,p.A199P,DPAEGDGPQ,5,GANAB_HUMAN
GANAB,p.A199P,KDPAEGDGPQP,5,GANAB_HUMAN
GANAB,p.A199P,SKDPAEGDGPQ,5,GANAB_HUMAN
GANAB,p.A199P,GDGPQPEETP,5,GANAB_HUMAN
GANAB,p.A199P,GDGPQPEETPR,5,GANAB_HUMAN
GANAB,p.A199P,EGDGPQPEET,5,GANAB_HUMAN
GANAB,p.A199P,DPAEGDGPQPE,5,GANAB_HUMAN
GANAB,p.A199P,AEGDGPQPEE,5,GANAB_HUMAN
GANAB,p.A199P,KDPAEGDGP,5,GANAB_HUMAN
GANAB,p.A199P,GPQPEETPRD,5,GANAB_HUMAN
PCCA,p.R230H,GKGMHIAWDD,5,PCCA_HUMAN
PCCA,p.R230H,KGMHIAWDDE,5,PCCA_HUMAN
PCCA,p.R230H,GGKGMHIAW,5,PCCA_HUMAN
PCCA,p.R230H,AGGGGKGMHI,5,PCCA_HUMAN
PCCA,p.R230H,MHIAWDDEE,5,PCCA_HUMAN
PCCA,p.R230H,GMHIAWDDEE,5,PCCA_HUMAN
PCCA,p.R230H,KGMHIAWDD,5,PCCA_HUMAN
PCCA,p.R230H,AGGGGKGMH,5,PCCA_HUMAN
PCCA,p.R230H,MHIAWDDEET,5,PCCA_HUMAN
PCCA,p.R230H,AGGGGKGMHIA,5,PCCA_HUMAN
PCCA,p.R230H,GGKGMHIAWDD,5,PCCA_HUMAN
PCCA,p.R230H,KGMHIAWDDEE,5,PCCA_HUMAN
PCCA,p.R230H,GGGKGMHIA,5,PCCA_HUMAN
PCCA,p.R230H,SAGGGGKGMH,5,PCCA_HUMAN
PCCA,p.R230H,GGGKGMHIAW,5,PCCA_HUMAN
PCCA,p.R230H,ASAGGGGKGMH,5,PCCA_HUMAN
PCCA,p.R230H,GGGGKGMHIA,5,PCCA_HUMAN
PCCA,p.R230H,GKGMHIAWD,5,PCCA_HUMAN
PCCA,p.R230H,GKGMHIAWDDE,5,PCCA_HUMAN
PCCA,p.R230H,HIAWDDEETR,5,PCCA_HUMAN
PCCA,p.R230H,GGGGKGMHI,5,PCCA_HUMAN
PCCA,p.R230H,HIAWDDEET,5,PCCA_HUMAN
PCCA,p.R230H,HIAWDDEETRD,5,PCCA_HUMAN
PCCA,p.R230H,GGGGKGMHIAW,5,PCCA_HUMAN
PCCA,p.R230H,MHIAWDDEETR,5,PCCA_HUMAN
PCCA,p.R230H,GMHIAWDDEET,5,PCCA_HUMAN
PCCA,p.R230H,GGGKGMHIAWD,5,PCCA_HUMAN
PCCA,p.R230H,SAGGGGKGMHI,5,PCCA_HUMAN
PCCA,p.R230H,GGKGMHIAWD,5,PCCA_HUMAN
PCCA,p.R230H,GMHIAWDDE,5,PCCA_HUMAN
PIK3CA,p.N345K,ILCATYVKV,5,PK3CA_HUMAN
PIK3CA,p.N345K,TYVKVNIRDID,5,PK3CA_HUMAN
PIK3CA,p.N345K,CATYVKVNIR,5,PK3CA_HUMAN
PIK3CA,p.N345K,LCATYVKVNI,5,PK3CA_HUMAN
PIK3CA,p.N345K,KVNIRDIDK,5,PK3CA_HUMAN
PIK3CA,p.N345K,KILCATYVKVN,5,PK3CA_HUMAN
PIK3CA,p.N345K,YVKVNIRDI,5,PK3CA_HUMAN
PIK3CA,p.N345K,KILCATYVKV,5,PK3CA_HUMAN
PIK3CA,p.N345K,VKVNIRDIDK,5,PK3CA_HUMAN
PIK3CA,p.N345K,KVNIRDIDKIY,5,PK3CA_HUMAN
PIK3CA,p.N345K,ATYVKVNIRD,5,PK3CA_HUMAN
PIK3CA,p.N345K,TYVKVNIRD,5,PK3CA_HUMAN
PIK3CA,p.N345K,CATYVKVNI,5,PK3CA_HUMAN
PIK3CA,p.N345K,YVKVNIRDID,5,PK3CA_HUMAN
PIK3CA,p.N345K,LCATYVKVN,5,PK3CA_HUMAN
PIK3CA,p.N345K,IKILCATYVK,5,PK3CA_HUMAN
PIK3CA,p.N345K,IKILCATYVKV,5,PK3CA_HUMAN
PIK3CA,p.N345K,TYVKVNIRDI,5,PK3CA_HUMAN
PIK3CA,p.N345K,YVKVNIRDIDK,5,PK3CA_HUMAN
PIK3CA,p.N345K,KVNIRDIDKI,5,PK3CA_HUMAN
PIK3CA,p.N345K,RIKILCATYVK,5,PK3CA_HUMAN
PIK3CA,p.N345K,VKVNIRDIDKI,5,PK3CA_HUMAN
PIK3CA,p.N345K,ATYVKVNIRDI,5,PK3CA_HUMAN
PIK3CA,p.N345K,CATYVKVNIRD,5,PK3CA_HUMAN
PIK3CA,p.N345K,ILCATYVKVN,5,PK3CA_HUMAN
PIK3CA,p.N345K,VKVNIRDID,5,PK3CA_HUMAN
PIK3CA,p.N345K,KILCATYVK,5,PK3CA_HUMAN
PIK3CA,p.N345K,ILCATYVKVNI,5,PK3CA_HUMAN
PIK3CA,p.N345K,ATYVKVNIR,5,PK3CA_HUMAN
PIK3CA,p.N345K,LCATYVKVNIR,5,PK3CA_HUMAN
PIK3CA,p.R88Q,FDETRQLCDLR,5,PK3CA_HUMAN
PIK3CA,p.R88Q,QLCDLRLFQ,5,PK3CA_HUMAN
PIK3CA,p.R88Q,EFFDETRQLC,5,PK3CA_HUMAN
PIK3CA,p.R88Q,TRQLCDLRL,5,PK3CA_HUMAN
PIK3CA,p.R88Q,DETRQLCDLR,5,PK3CA_HUMAN
PIK3CA,p.R88Q,QLCDLRLFQPF,5,PK3CA_HUMAN
PIK3CA,p.R88Q,REEFFDETRQL,5,PK3CA_HUMAN
PIK3CA,p.R88Q,DETRQLCDLRL,5,PK3CA_HUMAN
PIK3CA,p.R88Q,EFFDETRQLCD,5,PK3CA_HUMAN
PIK3CA,p.R88Q,FDETRQLCDL,5,PK3CA_HUMAN
PIK3CA,p.R88Q,EEFFDETRQL,5,PK3CA_HUMAN
PIK3CA,p.R88Q,EREEFFDETRQ,5,PK3CA_HUMAN
PIK3CA,p.R88Q,RQLCDLRLFQ,5,PK3CA_HUMAN
PIK3CA,p.R88Q,FFDETRQLC,5,PK3CA_HUMAN
PIK3CA,p.R88Q,ETRQLCDLR,5,PK3CA_HUMAN
PIK3CA,p.R88Q,REEFFDETRQ,5,PK3CA_HUMAN
PIK3CA,p.R88Q,QLCDLRLFQP,5,PK3CA_HUMAN
PIK3CA,p.R88Q,RQLCDLRLFQP,5,PK3CA_HUMAN
PIK3CA,p.R88Q,EEFFDETRQLC,5,PK3CA_HUMAN
PIK3CA,p.R88Q,TRQLCDLRLF,5,PK3CA_HUMAN
PIK3CA,p.R88Q,RQLCDLRLF,5,PK3CA_HUMAN
PIK3CA,p.R88Q,FDETRQLCD,5,PK3CA_HUMAN
PIK3CA,p.R88Q,DETRQLCDL,5,PK3CA_HUMAN
PIK3CA,p.R88Q,ETRQLCDLRLF,5,PK3CA_HUMAN
PIK3CA,p.R88Q,EFFDETRQL,5,PK3CA_HUMAN
PIK3CA,p.R88Q,FFDETRQLCD,5,PK3CA_HUMAN
PIK3CA,p.R88Q,TRQLCDLRLFQ,5,PK3CA_HUMAN
PIK3CA,p.R88Q,ETRQLCDLRL,5,PK3CA_HUMAN
PIK3CA,p.R88Q,FFDETRQLCDL,5,PK3CA_HUMAN
PIK3CA,p.R88Q,EEFFDETRQ,5,PK3CA_HUMAN
SPTA1,p.K1732T,DEESWIEETL,5,SPTA1_HUMAN
SPTA1,p.K1732T,TLIRVSSQDY,5,SPTA1_HUMAN
SPTA1,p.K1732T,WIEETLIRVS,5,SPTA1_HUMAN
SPTA1,p.K1732T,EETLIRVSSQD,5,SPTA1_HUMAN
SPTA1,p.K1732T,DEESWIEETLI,5,SPTA1_HUMAN
SPTA1,p.K1732T,TLIRVSSQDYG,5,SPTA1_HUMAN
SPTA1,p.K1732T,WIEETLIRVSS,5,SPTA1_HUMAN
SPTA1,p.K1732T,ESWIEETLIR,5,SPTA1_HUMAN
SPTA1,p.K1732T,DEESWIEET,5,SPTA1_HUMAN
SPTA1,p.K1732T,ETLIRVSSQD,5,SPTA1_HUMAN
SPTA1,p.K1732T,SWIEETLIRVS,5,SPTA1_HUMAN
SPTA1,p.K1732T,IEETLIRVSS,5,SPTA1_HUMAN
SPTA1,p.K1732T,EESWIEETL,5,SPTA1_HUMAN
SPTA1,p.K1732T,DDEESWIEETL,5,SPTA1_HUMAN
SPTA1,p.K1732T,DDEESWIEET,5,SPTA1_HUMAN
SPTA1,p.K1732T,SWIEETLIRV,5,SPTA1_HUMAN
SPTA1,p.K1732T,ETLIRVSSQDY,5,SPTA1_HUMAN
SPTA1,p.K1732T,ESWIEETLIRV,5,SPTA1_HUMAN
SPTA1,p.K1732T,IEETLIRVSSQ,5,SPTA1_HUMAN
SPTA1,p.K1732T,WIEETLIRV,5,SPTA1_HUMAN
SPTA1,p.K1732T,ESWIEETLI,5,SPTA1_HUMAN
SPTA1,p.K1732T,IEETLIRVS,5,SPTA1_HUMAN
SPTA1,p.K1732T,LDDEESWIEET,5,SPTA1_HUMAN
SPTA1,p.K1732T,EESWIEETLI,5,SPTA1_HUMAN
SPTA1,p.K1732T,EESWIEETLIR,5,SPTA1_HUMAN
SPTA1,p.K1732T,EETLIRVSS,5,SPTA1_HUMAN
SPTA1,p.K1732T,EETLIRVSSQ,5,SPTA1_HUMAN
SPTA1,p.K1732T,TLIRVSSQD,5,SPTA1_HUMAN
SPTA1,p.K1732T,SWIEETLIR,5,SPTA1_HUMAN
SPTA1,p.K1732T,ETLIRVSSQ,5,SPTA1_HUMAN
FBXW7,p.R479Q,KRVVSGSQDAT,4,FBXW7_HUMAN
FBXW7,p.R479Q,RVVSGSQDA,4,FBXW7_HUMAN
FBXW7,p.R479Q,VVSGSQDATL,4,FBXW7_HUMAN
FBXW7,p.R479Q,KRVVSGSQD,4,FBXW7_HUMAN
FBXW7,p.R479Q,EKRVVSGSQ,4,FBXW7_HUMAN
FBXW7,p.R479Q,SQDATLRVW,4,FBXW7_HUMAN
FBXW7,p.R479Q,VSGSQDATLR,4,FBXW7_HUMAN
FBXW7,p.R479Q,GSQDATLRVW,4,FBXW7_HUMAN
FBXW7,p.R479Q,KRVVSGSQDA,4,FBXW7_HUMAN
FBXW7,p.R479Q,HEKRVVSGSQ,4,FBXW7_HUMAN
FBXW7,p.R479Q,GSQDATLRV,4,FBXW7_HUMAN
FBXW7,p.R479Q,LHEKRVVSGSQ,4,FBXW7_HUMAN
FBXW7,p.R479Q,RVVSGSQDATL,4,FBXW7_HUMAN
FBXW7,p.R479Q,SGSQDATLRV,4,FBXW7_HUMAN
FBXW7,p.R479Q,VVSGSQDAT,4,FBXW7_HUMAN
FBXW7,p.R479Q,SQDATLRVWDI,4,FBXW7_HUMAN
FBXW7,p.R479Q,VSGSQDATL,4,FBXW7_HUMAN
FBXW7,p.R479Q,VSGSQDATLRV,4,FBXW7_HUMAN
FBXW7,p.R479Q,SGSQDATLR,4,FBXW7_HUMAN
FBXW7,p.R479Q,HEKRVVSGSQD,4,FBXW7_HUMAN
FBXW7,p.R479Q,QDATLRVWDIE,4,FBXW7_HUMAN
FBXW7,p.R479Q,VVSGSQDATLR,4,FBXW7_HUMAN
FBXW7,p.R479Q,EKRVVSGSQDA,4,FBXW7_HUMAN
FBXW7,p.R479Q,QDATLRVWDI,4,FBXW7_HUMAN
FBXW7,p.R479Q,RVVSGSQDAT,4,FBXW7_HUMAN
FBXW7,p.R479Q,EKRVVSGSQD,4,FBXW7_HUMAN
FBXW7,p.R479Q,SGSQDATLRVW,4,FBXW7_HUMAN
FBXW7,p.R479Q,SQDATLRVWD,4,FBXW7_HUMAN
FBXW7,p.R479Q,GSQDATLRVWD,4,FBXW7_HUMAN
FBXW7,p.R479Q,QDATLRVWD,4,FBXW7_HUMAN
KRAS,p.G12S,LVVVGASGV,4,RASK_HUMAN
KRAS,p.G12S,KLVVVGASGV,4,RASK_HUMAN
KRAS,p.G12S,YKLVVVGASG,4,RASK_HUMAN
KRAS,p.G12S,SGVGKSALTI,4,RASK_HUMAN
KRAS,p.G12S,VVGASGVGKSA,4,RASK_HUMAN
KRAS,p.G12S,VVGASGVGK,4,RASK_HUMAN
KRAS,p.G12S,VGASGVGKSA,4,RASK_HUMAN
KRAS,p.G12S,SGVGKSALTIQ,4,RASK_HUMAN
KRAS,p.G12S,VVGASGVGKS,4,RASK_HUMAN
KRAS,p.G12S,SGVGKSALT,4,RASK_HUMAN
KRAS,p.G12S,VGASGVGKSAL,4,RASK_HUMAN
KRAS,p.G12S,TEYKLVVVGAS,4,RASK_HUMAN
KRAS,p.G12S,GASGVGKSA,4,RASK_HUMAN
KRAS,p.G12S,EYKLVVVGAS,4,RASK_HUMAN
KRAS,p.G12S,ASGVGKSAL,4,RASK_HUMAN
KRAS,p.G12S,KLVVVGASGVG,4,RASK_HUMAN
KRAS,p.G12S,YKLVVVGAS,4,RASK_HUMAN
KRAS,p.G12S,KLVVVGASG,4,RASK_HUMAN
KRAS,p.G12S,LVVVGASGVGK,4,RASK_HUMAN
KRAS,p.G12S,GASGVGKSALT,4,RASK_HUMAN
KRAS,p.G12S,VGASGVGKS,4,RASK_HUMAN
KRAS,p.G12S,VVVGASGVG,4,RASK_HUMAN
KRAS,p.G12S,VVVGASGVGKS,4,RASK_HUMAN
KRAS,p.G12S,EYKLVVVGASG,4,RASK_HUMAN
KRAS,p.G12S,LVVVGASGVG,4,RASK_HUMAN
KRAS,p.G12S,GASGVGKSAL,4,RASK_HUMAN
KRAS,p.G12S,ASGVGKSALT,4,RASK_HUMAN
KRAS,p.G12S,YKLVVVGASGV,4,RASK_HUMAN
KRAS,p.G12S,VVVGASGVGK,4,RASK_HUMAN
KRAS,p.G12S,ASGVGKSALTI,4,RASK_HUMAN
TP53,p.R248W,MGGMNWRPIL,4,P53_HUMAN
TP53,p.R248W,GGMNWRPIL,4,P53_HUMAN
TP53,p.R248W,SSCMGGMNWRP,4,P53_HUMAN
TP53,p.R248W,CNSSCMGGMNW,4,P53_HUMAN
TP53,p.R248W,NWRPILTII,4,P53_HUMAN
TP53,p.R248W,GMNWRPILT,4,P53_HUMAN
TP53,p.R248W,NWRPILTIIT,4,P53_HUMAN
TP53,p.R248W,CMGGMNWRPI,4,P53_HUMAN
TP53,p.R248W,NWRPILTIITL,4,P53_HUMAN
TP53,p.R248W,GMNWRPILTII,4,P53_HUMAN
TP53,p.R248W,MGGMNWRPILT,4,P53_HUMAN
TP53,p.R248W,NSSCMGGMNWR,4,P53_HUMAN
TP53,p.R248W,SCMGGMNWR,4,P53_HUMAN
TP53,p.R248W,MNWRPILTIIT,4,P53_HUMAN
TP53,p.R248W,GMNWRPILTI,4,P53_HUMAN
TP53,p.R248W,SCMGGMNWRPI,4,P53_HUMAN
TP53,p.R248W,SSCMGGMNWR,4,P53_HUMAN
TP53,p.R248W,GGMNWRPILT,4,P53_HUMAN
TP53,p.R248W,GGMNWRPILTI,4,P53_HUMAN
TP53,p.R248W,NSSCMGGMNW,4,P53_HUMAN
TP53,p.R248W,WRPILTIITL,4,P53_HUMAN
TP53,p.R248W,WRPILTIITLE,4,P53_HUMAN
TP53,p.R248W,CMGGMNWRP,4,P53_HUMAN
TP53,p.R248W,WRPILTIIT,4,P53_HUMAN
TP53,p.R248W,SSCMGGMNW,4,P53_HUMAN
TP53,p.R248W,MNWRPILTI,4,P53_HUMAN
TP53,p.R248W,CMGGMNWRPIL,4,P53_HUMAN
TP53,p.R248W,MNWRPILTII,4,P53_HUMAN
TP53,p.R248W,MGGMNWRPI,4,P53_HUMAN
TP53,p.R248W,SCMGGMNWRP,4,P53_HUMAN
TP53,p.Y220C,VPCEPPEVG,4,P53_HUMAN
TP53,p.Y220C,VPCEPPEVGS,4,P53_HUMAN
TP53,p.Y220C,FRHSVVVPC,4,P53_HUMAN
TP53,p.Y220C,PCEPPEVGS,4,P53_HUMAN
TP53,p.Y220C,VVPCEPPEV,4,P53_HUMAN
TP53,p.Y220C,CEPPEVGSD,4,P53_HUMAN
TP53,p.Y220C,SVVVPCEPP,4,P53_HUMAN
TP53,p.Y220C,FRHSVVVPCEP,4,P53_HUMAN
TP53,p.Y220C,SVVVPCEPPEV,4,P53_HUMAN
TP53,p.Y220C,VVVPCEPPEVG,4,P53_HUMAN
TP53,p.Y220C,HSVVVPCEPP,4,P53_HUMAN
TP53,p.Y220C,PCEPPEVGSDC,4,P53_HUMAN
TP53,p.Y220C,VVPCEPPEVG,4,P53_HUMAN
TP53,p.Y220C,NTFRHSVVVPC,4,P53_HUMAN
TP53,p.Y220C,VVVPCEPPEV,4,P53_HUMAN
TP53,p.Y220C,HSVVVPCEP,4,P53_HUMAN
TP53,p.Y220C,VVPCEPPEVGS,4,P53_HUMAN
TP53,p.Y220C,RHSVVVPCEPP,4,P53_HUMAN
TP53,p.Y220C,VPCEPPEVGSD,4,P53_HUMAN
TP53,p.Y220C,VVVPCEPPE,4,P53_HUMAN
TP53,p.Y220C,PCEPPEVGSD,4,P53_HUMAN
TP53,p.Y220C,TFRHSVVVPCE,4,P53_HUMAN
TP53,p.Y220C,TFRHSVVVPC,4,P53_HUMAN
TP53,p.Y220C,FRHSVVVPCE,4,P53_HUMAN
TP53,p.Y220C,HSVVVPCEPPE,4,P53_HUMAN
TP53,p.Y220C,RHSVVVPCE,4,P53_HUMAN
TP53,p.Y220C,CEPPEVGSDC,4,P53_HUMAN
TP53,p.Y220C,RHSVVVPCEP,4,P53_HUMAN
TP53,p.Y220C,CEPPEVGSDCT,4,P53_HUMAN
TP53,p.Y220C,SVVVPCEPPE,4,P53_HUMAN
CDH1,p.D254Y,EILITVTYQN,3,CADH1_HUMAN
CDH1,p.D254Y,ITVTYQNDN,3,CADH1_HUMAN
CDH1,p.D254Y,EILITVTYQND,3,CADH1_HUMAN
CDH1,p.D254Y,VTYQNDNKPE,3,CADH1_HUMAN
CDH1,p.D254Y,VTYQNDNKPEF,3,CADH1_HUMAN
CDH1,p.D254Y,LITVTYQNDNK,3,CADH1_HUMAN
CDH1,p.D254Y,ILITVTYQNDN,3,CADH1_HUMAN
CDH1,p.D254Y,PMEILITVTY,3,CADH1_HUMAN
CDH1,p.D254Y,MEILITVTYQN,3,CADH1_HUMAN
CDH1,p.D254Y,LITVTYQNDN,3,CADH1_HUMAN
CDH1,p.D254Y,DPMEILITVTY,3,CADH1_HUMAN
CDH1,p.D254Y,ILITVTYQND,3,CADH1_HUMAN
CDH1,p.D254Y,YQNDNKPEFTQ,3,CADH1_HUMAN
CDH1,p.D254Y,EILITVTYQ,3,CADH1_HUMAN
CDH1,p.D254Y,TYQNDNKPEFT,3,CADH1_HUMAN
CDH1,p.D254Y,TVTYQNDNKPE,3,CADH1_HUMAN
CDH1,p.D254Y,LITVTYQND,3,CADH1_HUMAN
CDH1,p.D254Y,ILITVTYQN,3,CADH1_HUMAN
CDH1,p.D254Y,YQNDNKPEFT,3,CADH1_HUMAN
CDH1,p.D254Y,TYQNDNKPEF,3,CADH1_HUMAN
CDH1,p.D254Y,ITVTYQNDNKP,3,CADH1_HUMAN
CDH1,p.D254Y,TVTYQNDNKP,3,CADH1_HUMAN
CDH1,p.D254Y,MEILITVTY,3,CADH1_HUMAN
CDH1,p.D254Y,PMEILITVTYQ,3,CADH1_HUMAN
CDH1,p.D254Y,TYQNDNKPE,3,CADH1_HUMAN
CDH1,p.D254Y,YQNDNKPEF,3,CADH1_HUMAN
CDH1,p.D254Y,MEILITVTYQ,3,CADH1_HUMAN
CDH1,p.D254Y,ITVTYQNDNK,3,CADH1_HUMAN
CDH1,p.D254Y,VTYQNDNKP,3,CADH1_HUMAN
CDH1,p.D254Y,TVTYQNDNK,3,CADH1_HUMAN
ERBB2,p.S310F,STDVGFCTLV,3,ERBB2_HUMAN
ERBB2,p.S310F,YNYLSTDVGF,3,ERBB2_HUMAN
ERBB2,p.S310F,LSTDVGFCT,3,ERBB2_HUMAN
ERBB2,p.S310F,DVGFCTLVCPL,3,ERBB2_HUMAN
ERBB2,p.S310F,NYLSTDVGFCT,3,ERBB2_HUMAN
ERBB2,p.S310F,YLSTDVGFCT,3,ERBB2_HUMAN
ERBB2,p.S310F,YLSTDVGFCTL,3,ERBB2_HUMAN
ERBB2,p.S310F,VGFCTLVCPL,3,ERBB2_HUMAN
ERBB2,p.S310F,YNYLSTDVGFC,3,ERBB2_HUMAN
ERBB2,p.S310F,FCTLVCPLH,3,ERBB2_HUMAN
ERBB2,p.S310F,NYLSTDVGF,3,ERBB2_HUMAN
ERBB2,p.S310F,STDVGFCTLVC,3,ERBB2_HUMAN
ERBB2,p.S310F,VGFCTLVCP,3,ERBB2_HUMAN
ERBB2,p.S310F,TDVGFCTLV,3,ERBB2_HUMAN
ERBB2,p.S310F,TDVGFCTLVCP,3,ERBB2_HUMAN
ERBB2,p.S310F,GFCTLVCPL,3,ERBB2_HUMAN
ERBB2,p.S310F,GFCTLVCPLH,3,ERBB2_HUMAN
ERBB2,p.S310F,VGFCTLVCPLH,3,ERBB2_HUMAN
ERBB2,p.S310F,DVGFCTLVC,3,ERBB2_HUMAN
ERBB2,p.S310F,NYLSTDVGFC,3,ERBB2_HUMAN
ERBB2,p.S310F,FCTLVCPLHN,3,ERBB2_HUMAN
ERBB2,p.S310F,PYNYLSTDVGF,3,ERBB2_HUMAN
ERBB2,p.S310F,STDVGFCTL,3,ERBB2_HUMAN
ERBB2,p.S310F,YLSTDVGFC,3,ERBB2_HUMAN
ERBB2,p.S310F,FCTLVCPLHNQ,3,ERBB2_HUMAN
ERBB2,p.S310F,GFCTLVCPLHN,3,ERBB2_HUMAN
ERBB2,p.S310F,TDVGFCTLVC,3,ERBB2_HUMAN
ERBB2,p.S310F,LSTDVGFCTLV,3,ERBB2_HUMAN
ERBB2,p.S310F,LSTDVGFCTL,3,ERBB2_HUMAN
ERBB2,p.S310F,DVGFCTLVCP,3,ERBB2_HUMAN
KRAS,p.A146T,GIPFIETSTKT,3,RASK_HUMAN
KRAS,p.A146T,ETSTKTRQRV,3,RASK_HUMAN
KRAS,p.A146T,STKTRQRVED,3,RASK_HUMAN
KRAS,p.A146T,TSTKTRQRVED,3,RASK_HUMAN
KRAS,p.A146T,ETSTKTRQRVE,3,RASK_HUMAN
KRAS,p.A146T,ETSTKTRQR,3,RASK_HUMAN
KRAS,p.A146T,FIETSTKTRQ,3,RASK_HUMAN
KRAS,p.A146T,GIPFIETST,3,RASK_HUMAN
KRAS,p.A146T,PFIETSTKTRQ,3,RASK_HUMAN
KRAS,p.A146T,IPFIETSTKT,3,RASK_HUMAN
KRAS,p.A146T,STKTRQRVE,3,RASK_HUMAN
KRAS,p.A146T,FIETSTKTRQR,3,RASK_HUMAN
KRAS,p.A146T,YGIPFIETSTK,3,RASK_HUMAN
KRAS,p.A146T,STKTRQRVEDA,3,RASK_HUMAN
KRAS,p.A146T,SYGIPFIETST,3,RASK_HUMAN
KRAS,p.A146T,YGIPFIETST,3,RASK_HUMAN
KRAS,p.A146T,IPFIETSTKTR,3,RASK_HUMAN
KRAS,p.A146T,IETSTKTRQRV,3,RASK_HUMAN
KRAS,p.A146T,IPFIETSTK,3,RASK_HUMAN
KRAS,p.A146T,TSTKTRQRVE,3,RASK_HUMAN
KRAS,p.A146T,TKTRQRVEDAF,3,RASK_HUMAN
KRAS,p.A146T,IETSTKTRQR,3,RASK_HUMAN
KRAS,p.A146T,TKTRQRVEDA,3,RASK_HUMAN
KRAS,p.A146T,IETSTKTRQ,3,RASK_HUMAN
KRAS,p.A146T,FIETSTKTR,3,RASK_HUMAN
KRAS,p.A146T,GIPFIETSTK,3,RASK_HUMAN
KRAS,p.A146T,TKTRQRVED,3,RASK_HUMAN
KRAS,p.A146T,PFIETSTKTR,3,RASK_HUMAN
KRAS,p.A146T,TSTKTRQRV,3,RASK_HUMAN
KRAS,p.A146T,PFIETSTKT,3,RASK_HUMAN
PIK3CA,p.R93Q,LQLFQPFLK,3,PK3CA_HUMAN
PIK3CA,p.R93Q,DLQLFQPFLKV,3,PK3CA_HUMAN
PIK3CA,p.R93Q,TRRLCDLQLF,3,PK3CA_HUMAN
PIK3CA,p.R93Q,RLCDLQLFQ,3,PK3CA_HUMAN
PIK3CA,p.R93Q,RRLCDLQLFQP,3,PK3CA_HUMAN
PIK3CA,p.R93Q,DETRRLCDLQ,3,PK3CA_HUMAN
PIK3CA,p.R93Q,QLFQPFLKVI,3,PK3CA_HUMAN
PIK3CA,p.R93Q,LCDLQLFQPFL,3,PK3CA_HUMAN
PIK3CA,p.R93Q,ETRRLCDLQ,3,PK3CA_HUMAN
PIK3CA,p.R93Q,DLQLFQPFLK,3,PK3CA_HUMAN
PIK3CA,p.R93Q,DLQLFQPFL,3,PK3CA_HUMAN
PIK3CA,p.R93Q,CDLQLFQPFL,3,PK3CA_HUMAN
PIK3CA,p.R93Q,ETRRLCDLQL,3,PK3CA_HUMAN
PIK3CA,p.R93Q,RLCDLQLFQPF,3,PK3CA_HUMAN
PIK3CA,p.R93Q,CDLQLFQPFLK,3,PK3CA_HUMAN
PIK3CA,p.R93Q,RLCDLQLFQP,3,PK3CA_HUMAN
PIK3CA,p.R93Q,LCDLQLFQPF,3,PK3CA_HUMAN
PIK3CA,p.R93Q,TRRLCDLQL,3,PK3CA_HUMAN
PIK3CA,p.R93Q,QLFQPFLKV,3,PK3CA_HUMAN
PIK3CA,p.R93Q,QLFQPFLKVIE,3,PK3CA_HUMAN
PIK3CA,p.R93Q,RRLCDLQLFQ,3,PK3CA_HUMAN
PIK3CA,p.R93Q,DETRRLCDLQL,3,PK3CA_HUMAN
PIK3CA,p.R93Q,LCDLQLFQP,3,PK3CA_HUMAN
PIK3CA,p.R93Q,ETRRLCDLQLF,3,PK3CA_HUMAN
PIK3CA,p.R93Q,LQLFQPFLKV,3,PK3CA_HUMAN
PIK3CA,p.R93Q,FDETRRLCDLQ,3,PK3CA_HUMAN
PIK3CA,p.R93Q,TRRLCDLQLFQ,3,PK3CA_HUMAN
PIK3CA,p.R93Q,LQLFQPFLKVI,3,PK3CA_HUMAN
PIK3CA,p.R93Q,RRLCDLQLF,3,PK3CA_HUMAN
PIK3CA,p.R93Q,CDLQLFQPF,3,PK3CA_HUMAN
KRAS,p.G12V,EYKLVVVGAVG,3,RASK_HUMAN
KRAS,p.G12V,YKLVVVGAVGV,3,RASK_HUMAN
KRAS,p.G12V,KLVVVGAVGV,3,RASK_HUMAN
KRAS,p.G12V,AVGVGKSALTI,3,RASK_HUMAN
KRAS,p.G12V,VGVGKSALT,3,RASK_HUMAN
KRAS,p.G12V,LVVVGAVGVGK,3,RASK_HUMAN
KRAS,p.G12V,GAVGVGKSAL,3,RASK_HUMAN
KRAS,p.G12V,VVVGAVGVGK,3,RASK_HUMAN
KRAS,p.G12V,VGAVGVGKS,3,RASK_HUMAN
KRAS,p.G12V,VGAVGVGKSAL,3,RASK_HUMAN
KRAS,p.G12V,VVGAVGVGKSA,3,RASK_HUMAN
KRAS,p.G12V,LVVVGAVGVG,3,RASK_HUMAN
KRAS,p.G12V,TEYKLVVVGAV,3,RASK_HUMAN
KRAS,p.G12V,KLVVVGAVG,3,RASK_HUMAN
KRAS,p.G12V,VVVGAVGVG,3,RASK_HUMAN
KRAS,p.G12V,VVGAVGVGK,3,RASK_HUMAN
KRAS,p.G12V,GAVGVGKSALT,3,RASK_HUMAN
KRAS,p.G12V,EYKLVVVGAV,3,RASK_HUMAN
KRAS,p.G12V,AVGVGKSAL,3,RASK_HUMAN
KRAS,p.G12V,LVVVGAVGV,3,RASK_HUMAN
KRAS,p.G12V,VVGAVGVGKS,3,RASK_HUMAN
KRAS,p.G12V,VVVGAVGVGKS,3,RASK_HUMAN
KRAS,p.G12V,YKLVVVGAVG,3,RASK_HUMAN
KRAS,p.G12V,YKLVVVGAV,3,RASK_HUMAN
KRAS,p.G12V,VGAVGVGKSA,3,RASK_HUMAN
KRAS,p.G12V,VGVGKSALTIQ,3,RASK_HUMAN
KRAS,p.G12V,VGVGKSALTI,3,RASK_HUMAN
KRAS,p.G12V,KLVVVGAVGVG,3,RASK_HUMAN
KRAS,p.G12V,GAVGVGKSA,3,RASK_HUMAN
KRAS,p.G12V,AVGVGKSALT,3,RASK_HUMAN
SMAD4,p.R361C,VDPSGGDCFCL,3,SMAD4_HUMAN
SMAD4,p.R361C,YVDPSGGDC,3,SMAD4_HUMAN
SMAD4,p.R361C,DPSGGDCFCLG,3,SMAD4_HUMAN
SMAD4,p.R361C,SGGDCFCLGQL,3,SMAD4_HUMAN
SMAD4,p.R361C,CFCLGQLSNVH,3,SMAD4_HUMAN
SMAD4,p.R361C,DCFCLGQLSN,3,SMAD4_HUMAN
SMAD4,p.R361C,PSGGDCFCLG,3,SMAD4_HUMAN
SMAD4,p.R361C,PSGGDCFCL,3,SMAD4_HUMAN
SMAD4,p.R361C,DCFCLGQLSNV,3,SMAD4_HUMAN
SMAD4,p.R361C,SGGDCFCLG,3,SMAD4_HUMAN
SMAD4,p.R361C,CFCLGQLSNV,3,SMAD4_HUMAN
SMAD4,p.R361C,PSGGDCFCLGQ,3,SMAD4_HUMAN
SMAD4,p.R361C,GGDCFCLGQLS,3,SMAD4_HUMAN
SMAD4,p.R361C,YVDPSGGDCFC,3,SMAD4_HUMAN
SMAD4,p.R361C,DGYVDPSGGDC,3,SMAD4_HUMAN
SMAD4,p.R361C,GDCFCLGQLS,3,SMAD4_HUMAN
SMAD4,p.R361C,GDCFCLGQL,3,SMAD4_HUMAN
SMAD4,p.R361C,GGDCFCLGQ,3,SMAD4_HUMAN
SMAD4,p.R361C,DPSGGDCFC,3,SMAD4_HUMAN
SMAD4,p.R361C,VDPSGGDCFC,3,SMAD4_HUMAN
SMAD4,p.R361C,VDPSGGDCF,3,SMAD4_HUMAN
SMAD4,p.R361C,DPSGGDCFCL,3,SMAD4_HUMAN
SMAD4,p.R361C,SGGDCFCLGQ,3,SMAD4_HUMAN
SMAD4,p.R361C,GYVDPSGGDC,3,SMAD4_HUMAN
SMAD4,p.R361C,DCFCLGQLS,3,SMAD4_HUMAN
SMAD4,p.R361C,GGDCFCLGQL,3,SMAD4_HUMAN
SMAD4,p.R361C,GDCFCLGQLSN,3,SMAD4_HUMAN
SMAD4,p.R361C,YVDPSGGDCF,3,SMAD4_HUMAN
SMAD4,p.R361C,CFCLGQLSN,3,SMAD4_HUMAN
SMAD4,p.R361C,GYVDPSGGDCF,3,SMAD4_HUMAN
TP53,p.M237I,YICNSSCMGG,3,P53_HUMAN
TP53,p.M237I,CTTIHYNYI,3,P53_HUMAN
TP53,p.M237I,NYICNSSCMG,3,P53_HUMAN
TP53,p.M237I,NYICNSSCMGG,3,P53_HUMAN
TP53,p.M237I,IHYNYICNSSC,3,P53_HUMAN
TP53,p.M237I,TIHYNYICNSS,3,P53_HUMAN
TP53,p.M237I,HYNYICNSSCM,3,P53_HUMAN
TP53,p.M237I,CTTIHYNYICN,3,P53_HUMAN
TP53,p.M237I,TIHYNYICN,3,P53_HUMAN
TP53,p.M237I,TTIHYNYIC,3,P53_HUMAN
TP53,p.M237I,CTTIHYNYIC,3,P53_HUMAN
TP53,p.M237I,DCTTIHYNYI,3,P53_HUMAN
TP53,p.M237I,TIHYNYICNS,3,P53_HUMAN
TP53,p.M237I,YICNSSCMGGM,3,P53_HUMAN
TP53,p.M237I,YNYICNSSCM,3,P53_HUMAN
TP53,p.M237I,HYNYICNSS,3,P53_HUMAN
TP53,p.M237I,YNYICNSSC,3,P53_HUMAN
TP53,p.M237I,ICNSSCMGG,3,P53_HUMAN
TP53,p.M237I,TTIHYNYICN,3,P53_HUMAN
TP53,p.M237I,ICNSSCMGGM,3,P53_HUMAN
TP53,p.M237I,DCTTIHYNYIC,3,P53_HUMAN
TP53,p.M237I,IHYNYICNS,3,P53_HUMAN
TP53,p.M237I,YICNSSCMG,3,P53_HUMAN
TP53,p.M237I,TTIHYNYICNS,3,P53_HUMAN
TP53,p.M237I,SDCTTIHYNYI,3,P53_HUMAN
TP53,p.M237I,YNYICNSSCMG,3,P53_HUMAN
TP53,p.M237I,HYNYICNSSC,3,P53_HUMAN
TP53,p.M237I,NYICNSSCM,3,P53_HUMAN
TP53,p.M237I,ICNSSCMGGMN,3,P53_HUMAN
TP53,p.M237I,IHYNYICNSS,3,P53_HUMAN
TP53,p.E286K,RRTEKENLRK,3,P53_HUMAN
TP53,p.E286K,DRRTEKENLRK,3,P53_HUMAN
TP53,p.E286K,KENLRKKGEPH,3,P53_HUMAN
TP53,p.E286K,TEKENLRKKGE,3,P53_HUMAN
TP53,p.E286K,RTEKENLRKK,3,P53_HUMAN
TP53,p.E286K,KENLRKKGEP,3,P53_HUMAN
TP53,p.E286K,EKENLRKKG,3,P53_HUMAN
TP53,p.E286K,DRRTEKENLR,3,P53_HUMAN
TP53,p.E286K,RDRRTEKENL,3,P53_HUMAN
TP53,p.E286K,PGRDRRTEKEN,3,P53_HUMAN
TP53,p.E286K,CPGRDRRTEKE,3,P53_HUMAN
TP53,p.E286K,GRDRRTEKENL,3,P53_HUMAN
TP53,p.E286K,RDRRTEKEN,3,P53_HUMAN
TP53,p.E286K,RDRRTEKENLR,3,P53_HUMAN
TP53,p.E286K,RTEKENLRKKG,3,P53_HUMAN
TP53,p.E286K,KENLRKKGE,3,P53_HUMAN
TP53,p.E286K,EKENLRKKGE,3,P53_HUMAN
TP53,p.E286K,PGRDRRTEKE,3,P53_HUMAN
TP53,p.E286K,CPGRDRRTEK,3,P53_HUMAN
TP53,p.E286K,GRDRRTEKE,3,P53_HUMAN
TP53,p.E286K,RRTEKENLR,3,P53_HUMAN
TP53,p.E286K,TEKENLRKKG,3,P53_HUMAN
TP53,p.E286K,PGRDRRTEK,3,P53_HUMAN
TP53,p.E286K,TEKENLRKK,3,P53_HUMAN
TP53,p.E286K,DRRTEKENL,3,P53_HUMAN
TP53,p.E286K,EKENLRKKGEP,3,P53_HUMAN
TP53,p.E286K,RRTEKENLRKK,3,P53_HUMAN
TP53,p.E286K,GRDRRTEKEN,3,P53_HUMAN
TP53,p.E286K,ACPGRDRRTEK,3,P53_HUMAN
TP53,p.E286K,RTEKENLRK,3,P53_HUMAN
TP53,p.C176F,FPHHERCSDSD,3,P53_HUMAN
TP53,p.C176F,TEVVRRFPHHE,3,P53_HUMAN
TP53,p.C176F,HMTEVVRRFPH,3,P53_HUMAN
TP53,p.C176F,EVVRRFPHHE,3,P53_HUMAN
TP53,p.C176F,RFPHHERCSD,3,P53_HUMAN
TP53,p.C176F,RRFPHHERCSD,3,P53_HUMAN
TP53,p.C176F,RFPHHERCSDS,3,P53_HUMAN
TP53,p.C176F,QHMTEVVRRFP,3,P53_HUMAN
TP53,p.C176F,TEVVRRFPHH,3,P53_HUMAN
TP53,p.C176F,VRRFPHHERCS,3,P53_HUMAN
TP53,p.C176F,VRRFPHHERC,3,P53_HUMAN
TP53,p.C176F,MTEVVRRFPH,3,P53_HUMAN
TP53,p.C176F,FPHHERCSDS,3,P53_HUMAN
TP53,p.C176F,VVRRFPHHE,3,P53_HUMAN
TP53,p.C176F,VVRRFPHHER,3,P53_HUMAN
TP53,p.C176F,RRFPHHERCS,3,P53_HUMAN
TP53,p.C176F,MTEVVRRFPHH,3,P53_HUMAN
TP53,p.C176F,FPHHERCSD,3,P53_HUMAN
TP53,p.C176F,MTEVVRRFP,3,P53_HUMAN
TP53,p.C176F,RFPHHERCS,3,P53_HUMAN
TP53,p.C176F,VVRRFPHHERC,3,P53_HUMAN
TP53,p.C176F,QHMTEVVRRF,3,P53_HUMAN
TP53,p.C176F,EVVRRFPHHER,3,P53_HUMAN
TP53,p.C176F,SQHMTEVVRRF,3,P53_HUMAN
TP53,p.C176F,VRRFPHHER,3,P53_HUMAN
TP53,p.C176F,HMTEVVRRFP,3,P53_HUMAN
TP53,p.C176F,RRFPHHERC,3,P53_HUMAN
TP53,p.C176F,HMTEVVRRF,3,P53_HUMAN
TP53,p.C176F,TEVVRRFPH,3,P53_HUMAN
TP53,p.C176F,EVVRRFPHH,3,P53_HUMAN
TP53,p.V272M,FEMRVCACPG,3,P53_HUMAN
TP53,p.V272M,NSFEMRVCAC,3,P53_HUMAN
TP53,p.V272M,RNSFEMRVCA,3,P53_HUMAN
TP53,p.V272M,LGRNSFEMRVC,3,P53_HUMAN
TP53,p.V272M,LGRNSFEMRV,3,P53_HUMAN
TP53,p.V272M,FEMRVCACP,3,P53_HUMAN
TP53,p.V272M,FEMRVCACPGR,3,P53_HUMAN
TP53,p.V272M,EMRVCACPGR,3,P53_HUMAN
TP53,p.V272M,GRNSFEMRVC,3,P53_HUMAN
TP53,p.V272M,LLGRNSFEMR,3,P53_HUMAN
TP53,p.V272M,SFEMRVCACPG,3,P53_HUMAN
TP53,p.V272M,RNSFEMRVC,3,P53_HUMAN
TP53,p.V272M,GNLLGRNSFEM,3,P53_HUMAN
TP53,p.V272M,NLLGRNSFEM,3,P53_HUMAN
TP53,p.V272M,MRVCACPGRD,3,P53_HUMAN
TP53,p.V272M,LLGRNSFEMRV,3,P53_HUMAN
TP53,p.V272M,MRVCACPGR,3,P53_HUMAN
TP53,p.V272M,MRVCACPGRDR,3,P53_HUMAN
TP53,p.V272M,GRNSFEMRVCA,3,P53_HUMAN
TP53,p.V272M,NLLGRNSFEMR,3,P53_HUMAN
TP53,p.V272M,NSFEMRVCA,3,P53_HUMAN
TP53,p.V272M,SFEMRVCACP,3,P53_HUMAN
TP53,p.V272M,LGRNSFEMR,3,P53_HUMAN
TP53,p.V272M,EMRVCACPGRD,3,P53_HUMAN
TP53,p.V272M,EMRVCACPG,3,P53_HUMAN
TP53,p.V272M,RNSFEMRVCAC,3,P53_HUMAN
TP53,p.V272M,SFEMRVCAC,3,P53_HUMAN
TP53,p.V272M,NSFEMRVCACP,3,P53_HUMAN
TP53,p.V272M,LLGRNSFEM,3,P53_HUMAN
TP53,p.V272M,GRNSFEMRV,3,P53_HUMAN
APC,p.R259W,HDAEWQNEG,2,APC_HUMAN
APC,p.R259W,AEWQNEGQGV,2,APC_HUMAN
APC,p.R259W,ETGSHDAEWQ,2,APC_HUMAN
APC,p.R259W,GSHDAEWQN,2,APC_HUMAN
APC,p.R259W,HDAEWQNEGQG,2,APC_HUMAN
APC,p.R259W,GSHDAEWQNEG,2,APC_HUMAN
APC,p.R259W,HDAEWQNEGQ,2,APC_HUMAN
APC,p.R259W,AEWQNEGQGVG,2,APC_HUMAN
APC,p.R259W,TGSHDAEWQ,2,APC_HUMAN
APC,p.R259W,GSHDAEWQNE,2,APC_HUMAN
APC,p.R259W,HETGSHDAEWQ,2,APC_HUMAN
APC,p.R259W,SHDAEWQNEG,2,APC_HUMAN
APC,p.R259W,HETGSHDAEW,2,APC_HUMAN
APC,p.R259W,EWQNEGQGVGE,2,APC_HUMAN
APC,p.R259W,TGSHDAEWQN,2,APC_HUMAN
APC,p.R259W,ETGSHDAEW,2,APC_HUMAN
APC,p.R259W,SHDAEWQNE,2,APC_HUMAN
APC,p.R259W,DAEWQNEGQ,2,APC_HUMAN
APC,p.R259W,WQNEGQGVGE,2,APC_HUMAN
APC,p.R259W,WQNEGQGVGEI,2,APC_HUMAN
APC,p.R259W,DAEWQNEGQG,2,APC_HUMAN
APC,p.R259W,SHDAEWQNEGQ,2,APC_HUMAN
APC,p.R259W,EWQNEGQGV,2,APC_HUMAN
APC,p.R259W,DAEWQNEGQGV,2,APC_HUMAN
APC,p.R259W,TGSHDAEWQNE,2,APC_HUMAN
APC,p.R259W,AEWQNEGQG,2,APC_HUMAN
APC,p.R259W,WQNEGQGVG,2,APC_HUMAN
APC,p.R259W,KHETGSHDAEW,2,APC_HUMAN
APC,p.R259W,EWQNEGQGVG,2,APC_HUMAN
APC,p.R259W,ETGSHDAEWQN,2,APC_HUMAN
CDH1,p.Y190C,EGKVFCSIT,2,CADH1_HUMAN
CDH1,p.Y190C,KVFCSITGQG,2,CADH1_HUMAN
CDH1,p.Y190C,GKVFCSITGQ,2,CADH1_HUMAN
CDH1,p.Y190C,VFCSITGQGA,2,CADH1_HUMAN
CDH1,p.Y190C,SNKDKEGKVFC,2,CADH1_HUMAN
CDH1,p.Y190C,KEGKVFCSIT,2,CADH1_HUMAN
CDH1,p.Y190C,NKDKEGKVFCS,2,CADH1_HUMAN
CDH1,p.Y190C,GKVFCSITG,2,CADH1_HUMAN
CDH1,p.Y190C,KEGKVFCSI,2,CADH1_HUMAN
CDH1,p.Y190C,KEGKVFCSITG,2,CADH1_HUMAN
CDH1,p.Y190C,EGKVFCSITG,2,CADH1_HUMAN
CDH1,p.Y190C,NKDKEGKVFC,2,CADH1_HUMAN
CDH1,p.Y190C,DKEGKVFCS,2,CADH1_HUMAN
CDH1,p.Y190C,DKEGKVFCSIT,2,CADH1_HUMAN
CDH1,p.Y190C,GKVFCSITGQG,2,CADH1_HUMAN
CDH1,p.Y190C,EGKVFCSITGQ,2,CADH1_HUMAN
CDH1,p.Y190C,VFCSITGQGAD,2,CADH1_HUMAN
CDH1,p.Y190C,DKEGKVFCSI,2,CADH1_HUMAN
CDH1,p.Y190C,CSITGQGADTP,2,CADH1_HUMAN
CDH1,p.Y190C,KDKEGKVFCS,2,CADH1_HUMAN
CDH1,p.Y190C,CSITGQGADT,2,CADH1_HUMAN
CDH1,p.Y190C,VFCSITGQG,2,CADH1_HUMAN
CDH1,p.Y190C,FCSITGQGA,2,CADH1_HUMAN
CDH1,p.Y190C,KDKEGKVFC,2,CADH1_HUMAN
CDH1,p.Y190C,FCSITGQGADT,2,CADH1_HUMAN
CDH1,p.Y190C,FCSITGQGAD,2,CADH1_HUMAN
CDH1,p.Y190C,KVFCSITGQ,2,CADH1_HUMAN
CDH1,p.Y190C,CSITGQGAD,2,CADH1_HUMAN
CDH1,p.Y190C,KDKEGKVFCSI,2,CADH1_HUMAN
CDH1,p.Y190C,KVFCSITGQGA,2,CADH1_HUMAN
CTNNB1,p.D32H,SHWQQQSYLH,2,CTNB1_HUMAN
CTNNB1,p.D32H,WQQQSYLHS,2,CTNB1_HUMAN
CTNNB1,p.D32H,HWQQQSYLH,2,CTNB1_HUMAN
CTNNB1,p.D32H,QQQSYLHSGIH,2,CTNB1_HUMAN
CTNNB1,p.D32H,LHSGIHSGAT,2,CTNB1_HUMAN
CTNNB1,p.D32H,HSGIHSGATTT,2,CTNB1_HUMAN
CTNNB1,p.D32H,QSYLHSGIHSG,2,CTNB1_HUMAN
CTNNB1,p.D32H,YLHSGIHSGA,2,CTNB1_HUMAN
CTNNB1,p.D32H,HSGIHSGAT,2,CTNB1_HUMAN
CTNNB1,p.D32H,QQQSYLHSG,2,CTNB1_HUMAN
CTNNB1,p.D32H,LHSGIHSGATT,2,CTNB1_HUMAN
CTNNB1,p.D32H,SYLHSGIHSG,2,CTNB1_HUMAN
CTNNB1,p.D32H,YLHSGIHSGAT,2,CTNB1_HUMAN
CTNNB1,p.D32H,QQSYLHSGIHS,2,CTNB1_HUMAN
CTNNB1,p.D32H,QSYLHSGIHS,2,CTNB1_HUMAN
CTNNB1,p.D32H,HWQQQSYLHS,2,CTNB1_HUMAN
CTNNB1,p.D32H,VSHWQQQSYLH,2,CTNB1_HUMAN
CTNNB1,p.D32H,SHWQQQSYLHS,2,CTNB1_HUMAN
CTNNB1,p.D32H,WQQQSYLHSG,2,CTNB1_HUMAN
CTNNB1,p.D32H,QSYLHSGIH,2,CTNB1_HUMAN
CTNNB1,p.D32H,WQQQSYLHSGI,2,CTNB1_HUMAN
CTNNB1,p.D32H,HWQQQSYLHSG,2,CTNB1_HUMAN
CTNNB1,p.D32H,LHSGIHSGA,2,CTNB1_HUMAN
CTNNB1,p.D32H,YLHSGIHSG,2,CTNB1_HUMAN
CTNNB1,p.D32H,QQSYLHSGI,2,CTNB1_HUMAN
CTNNB1,p.D32H,SYLHSGIHSGA,2,CTNB1_HUMAN
CTNNB1,p.D32H,HSGIHSGATT,2,CTNB1_HUMAN
CTNNB1,p.D32H,QQQSYLHSGI,2,CTNB1_HUMAN
CTNNB1,p.D32H,QQSYLHSGIH,2,CTNB1_HUMAN
CTNNB1,p.D32H,SYLHSGIHS,2,CTNB1_HUMAN
CTNNB1,p.S37C,DSGIHCGATT,2,CTNB1_HUMAN
CTNNB1,p.S37C,HCGATTTAP,2,CTNB1_HUMAN
CTNNB1,p.S37C,YLDSGIHCGAT,2,CTNB1_HUMAN
CTNNB1,p.S37C,HCGATTTAPSL,2,CTNB1_HUMAN
CTNNB1,p.S37C,DSGIHCGATTT,2,CTNB1_HUMAN
CTNNB1,p.S37C,CGATTTAPS,2,CTNB1_HUMAN
CTNNB1,p.S37C,IHCGATTTAP,2,CTNB1_HUMAN
CTNNB1,p.S37C,SGIHCGATTT,2,CTNB1_HUMAN
CTNNB1,p.S37C,LDSGIHCGAT,2,CTNB1_HUMAN
CTNNB1,p.S37C,SYLDSGIHCG,2,CTNB1_HUMAN
CTNNB1,p.S37C,IHCGATTTAPS,2,CTNB1_HUMAN
CTNNB1,p.S37C,IHCGATTTA,2,CTNB1_HUMAN
CTNNB1,p.S37C,QSYLDSGIHC,2,CTNB1_HUMAN
CTNNB1,p.S37C,GIHCGATTT,2,CTNB1_HUMAN
CTNNB1,p.S37C,YLDSGIHCGA,2,CTNB1_HUMAN
CTNNB1,p.S37C,LDSGIHCGA,2,CTNB1_HUMAN
CTNNB1,p.S37C,CGATTTAPSL,2,CTNB1_HUMAN
CTNNB1,p.S37C,SYLDSGIHCGA,2,CTNB1_HUMAN
CTNNB1,p.S37C,HCGATTTAPS,2,CTNB1_HUMAN
CTNNB1,p.S37C,SGIHCGATT,2,CTNB1_HUMAN
CTNNB1,p.S37C,SGIHCGATTTA,2,CTNB1_HUMAN
CTNNB1,p.S37C,CGATTTAPSLS,2,CTNB1_HUMAN
CTNNB1,p.S37C,DSGIHCGAT,2,CTNB1_HUMAN
CTNNB1,p.S37C,LDSGIHCGATT,2,CTNB1_HUMAN
CTNNB1,p.S37C,QSYLDSGIHCG,2,CTNB1_HUMAN
CTNNB1,p.S37C,YLDSGIHCG,2,CTNB1_HUMAN
CTNNB1,p.S37C,GIHCGATTTA,2,CTNB1_HUMAN
CTNNB1,p.S37C,GIHCGATTTAP,2,CTNB1_HUMAN
CTNNB1,p.S37C,SYLDSGIHC,2,CTNB1_HUMAN
CTNNB1,p.S37C,QQSYLDSGIHC,2,CTNB1_HUMAN
CTNNB1,p.S37F,HFGATTTAPSL,2,CTNB1_HUMAN
CTNNB1,p.S37F,SGIHFGATTT,2,CTNB1_HUMAN
CTNNB1,p.S37F,FGATTTAPS,2,CTNB1_HUMAN
CTNNB1,p.S37F,LDSGIHFGATT,2,CTNB1_HUMAN
CTNNB1,p.S37F,GIHFGATTTAP,2,CTNB1_HUMAN
CTNNB1,p.S37F,HFGATTTAP,2,CTNB1_HUMAN
CTNNB1,p.S37F,LDSGIHFGAT,2,CTNB1_HUMAN
CTNNB1,p.S37F,SYLDSGIHFGA,2,CTNB1_HUMAN
CTNNB1,p.S37F,QSYLDSGIHF,2,CTNB1_HUMAN
CTNNB1,p.S37F,SGIHFGATTTA,2,CTNB1_HUMAN
CTNNB1,p.S37F,DSGIHFGAT,2,CTNB1_HUMAN
CTNNB1,p.S37F,IHFGATTTAPS,2,CTNB1_HUMAN
CTNNB1,p.S37F,SGIHFGATT,2,CTNB1_HUMAN
CTNNB1,p.S37F,IHFGATTTAP,2,CTNB1_HUMAN
CTNNB1,p.S37F,YLDSGIHFGA,2,CTNB1_HUMAN
CTNNB1,p.S37F,SYLDSGIHFG,2,CTNB1_HUMAN
CTNNB1,p.S37F,IHFGATTTA,2,CTNB1_HUMAN
CTNNB1,p.S37F,FGATTTAPSL,2,CTNB1_HUMAN
CTNNB1,p.S37F,LDSGIHFGA,2,CTNB1_HUMAN
CTNNB1,p.S37F,QSYLDSGIHFG,2,CTNB1_HUMAN
CTNNB1,p.S37F,YLDSGIHFG,2,CTNB1_HUMAN
CTNNB1,p.S37F,GIHFGATTTA,2,CTNB1_HUMAN
CTNNB1,p.S37F,FGATTTAPSLS,2,CTNB1_HUMAN
CTNNB1,p.S37F,HFGATTTAPS,2,CTNB1_HUMAN
CTNNB1,p.S37F,QQSYLDSGIHF,2,CTNB1_HUMAN
CTNNB1,p.S37F,YLDSGIHFGAT,2,CTNB1_HUMAN
CTNNB1,p.S37F,SYLDSGIHF,2,CTNB1_HUMAN
CTNNB1,p.S37F,GIHFGATTT,2,CTNB1_HUMAN
CTNNB1,p.S37F,DSGIHFGATT,2,CTNB1_HUMAN
CTNNB1,p.S37F,DSGIHFGATTT,2,CTNB1_HUMAN
ERBB2,p.R678Q,VFGILIKRQ,2,ERBB2_HUMAN
ERBB2,p.R678Q,GILIKRQQQKI,2,ERBB2_HUMAN
ERBB2,p.R678Q,VFGILIKRQQ,2,ERBB2_HUMAN
ERBB2,p.R678Q,LIKRQQQKIR,2,ERBB2_HUMAN
ERBB2,p.R678Q,FGILIKRQQ,2,ERBB2_HUMAN
ERBB2,p.R678Q,KRQQQKIRKY,2,ERBB2_HUMAN
ERBB2,p.R678Q,KRQQQKIRK,2,ERBB2_HUMAN
ERBB2,p.R678Q,QQQKIRKYTMR,2,ERBB2_HUMAN
ERBB2,p.R678Q,IKRQQQKIRKY,2,ERBB2_HUMAN
ERBB2,p.R678Q,VVFGILIKRQQ,2,ERBB2_HUMAN
ERBB2,p.R678Q,FGILIKRQQQK,2,ERBB2_HUMAN
ERBB2,p.R678Q,QQQKIRKYT,2,ERBB2_HUMAN
ERBB2,p.R678Q,LIKRQQQKIRK,2,ERBB2_HUMAN
ERBB2,p.R678Q,FGILIKRQQQ,2,ERBB2_HUMAN
ERBB2,p.R678Q,VFGILIKRQQQ,2,ERBB2_HUMAN
ERBB2,p.R678Q,RQQQKIRKYT,2,ERBB2_HUMAN
ERBB2,p.R678Q,GILIKRQQQK,2,ERBB2_HUMAN
ERBB2,p.R678Q,VVFGILIKRQ,2,ERBB2_HUMAN
ERBB2,p.R678Q,LIKRQQQKI,2,ERBB2_HUMAN
ERBB2,p.R678Q,ILIKRQQQKI,2,ERBB2_HUMAN
ERBB2,p.R678Q,ILIKRQQQKIR,2,ERBB2_HUMAN
ERBB2,p.R678Q,GVVFGILIKRQ,2,ERBB2_HUMAN
ERBB2,p.R678Q,RQQQKIRKY,2,ERBB2_HUMAN
ERBB2,p.R678Q,IKRQQQKIRK,2,ERBB2_HUMAN
ERBB2,p.R678Q,KRQQQKIRKYT,2,ERBB2_HUMAN
ERBB2,p.R678Q,QQQKIRKYTM,2,ERBB2_HUMAN
ERBB2,p.R678Q,IKRQQQKIR,2,ERBB2_HUMAN
ERBB2,p.R678Q,GILIKRQQQ,2,ERBB2_HUMAN
ERBB2,p.R678Q,RQQQKIRKYTM,2,ERBB2_HUMAN
ERBB2,p.R678Q,ILIKRQQQK,2,ERBB2_HUMAN
ERBB2,p.D769Y,ANKEILYEAY,2,ERBB2_HUMAN
ERBB2,p.D769Y,NKEILYEAYVM,2,ERBB2_HUMAN
ERBB2,p.D769Y,NKEILYEAYV,2,ERBB2_HUMAN
ERBB2,p.D769Y,YEAYVMAGV,2,ERBB2_HUMAN
ERBB2,p.D769Y,KEILYEAYV,2,ERBB2_HUMAN
ERBB2,p.D769Y,KANKEILYEA,2,ERBB2_HUMAN
ERBB2,p.D769Y,ILYEAYVMA,2,ERBB2_HUMAN
ERBB2,p.D769Y,EILYEAYVMAG,2,ERBB2_HUMAN
ERBB2,p.D769Y,PKANKEILY,2,ERBB2_HUMAN
ERBB2,p.D769Y,LYEAYVMAGV,2,ERBB2_HUMAN
ERBB2,p.D769Y,KEILYEAYVM,2,ERBB2_HUMAN
ERBB2,p.D769Y,LYEAYVMAGVG,2,ERBB2_HUMAN
ERBB2,p.D769Y,EILYEAYVMA,2,ERBB2_HUMAN
ERBB2,p.D769Y,ANKEILYEA,2,ERBB2_HUMAN
ERBB2,p.D769Y,YEAYVMAGVGS,2,ERBB2_HUMAN
ERBB2,p.D769Y,PKANKEILYEA,2,ERBB2_HUMAN
ERBB2,p.D769Y,KEILYEAYVMA,2,ERBB2_HUMAN
ERBB2,p.D769Y,SPKANKEILYE,2,ERBB2_HUMAN
ERBB2,p.D769Y,ILYEAYVMAG,2,ERBB2_HUMAN
ERBB2,p.D769Y,YEAYVMAGVG,2,ERBB2_HUMAN
ERBB2,p.D769Y,LYEAYVMAG,2,ERBB2_HUMAN
ERBB2,p.D769Y,ILYEAYVMAGV,2,ERBB2_HUMAN
ERBB2,p.D769Y,SPKANKEILY,2,ERBB2_HUMAN
ERBB2,p.D769Y,ANKEILYEAYV,2,ERBB2_HUMAN
ERBB2,p.D769Y,PKANKEILYE,2,ERBB2_HUMAN
ERBB2,p.D769Y,NKEILYEAY,2,ERBB2_HUMAN
ERBB2,p.D769Y,EILYEAYVM,2,ERBB2_HUMAN
ERBB2,p.D769Y,KANKEILYEAY,2,ERBB2_HUMAN
ERBB2,p.D769Y,TSPKANKEILY,2,ERBB2_HUMAN
ERBB2,p.D769Y,KANKEILYE,2,ERBB2_HUMAN
ERBB2,p.A1039T,DPAPGTGGMV,2,ERBB2_HUMAN
ERBB2,p.A1039T,GFFCPDPAPGT,2,ERBB2_HUMAN
ERBB2,p.A1039T,PAPGTGGMVH,2,ERBB2_HUMAN
ERBB2,p.A1039T,PDPAPGTGGM,2,ERBB2_HUMAN
ERBB2,p.A1039T,PDPAPGTGG,2,ERBB2_HUMAN
ERBB2,p.A1039T,PGTGGMVHH,2,ERBB2_HUMAN
ERBB2,p.A1039T,FCPDPAPGTGG,2,ERBB2_HUMAN
ERBB2,p.A1039T,TGGMVHHRHRS,2,ERBB2_HUMAN
ERBB2,p.A1039T,CPDPAPGTGGM,2,ERBB2_HUMAN
ERBB2,p.A1039T,APGTGGMVH,2,ERBB2_HUMAN
ERBB2,p.A1039T,APGTGGMVHH,2,ERBB2_HUMAN
ERBB2,p.A1039T,FCPDPAPGT,2,ERBB2_HUMAN
ERBB2,p.A1039T,PAPGTGGMV,2,ERBB2_HUMAN
ERBB2,p.A1039T,GTGGMVHHR,2,ERBB2_HUMAN
ERBB2,p.A1039T,PGTGGMVHHR,2,ERBB2_HUMAN
ERBB2,p.A1039T,FCPDPAPGTG,2,ERBB2_HUMAN
ERBB2,p.A1039T,PAPGTGGMVHH,2,ERBB2_HUMAN
ERBB2,p.A1039T,PGTGGMVHHRH,2,ERBB2_HUMAN
ERBB2,p.A1039T,PDPAPGTGGMV,2,ERBB2_HUMAN
ERBB2,p.A1039T,TGGMVHHRH,2,ERBB2_HUMAN
ERBB2,p.A1039T,CPDPAPGTGG,2,ERBB2_HUMAN
ERBB2,p.A1039T,APGTGGMVHHR,2,ERBB2_HUMAN
ERBB2,p.A1039T,DPAPGTGGMVH,2,ERBB2_HUMAN
ERBB2,p.A1039T,DPAPGTGGM,2,ERBB2_HUMAN
ERBB2,p.A1039T,CPDPAPGTG,2,ERBB2_HUMAN
ERBB2,p.A1039T,TGGMVHHRHR,2,ERBB2_HUMAN
ERBB2,p.A1039T,FFCPDPAPGT,2,ERBB2_HUMAN
ERBB2,p.A1039T,GTGGMVHHRH,2,ERBB2_HUMAN
ERBB2,p.A1039T,GTGGMVHHRHR,2,ERBB2_HUMAN
ERBB2,p.A1039T,FFCPDPAPGTG,2,ERBB2_HUMAN
ERBB3,p.P306H,CHPDKMEVD,2,ERBB3_HUMAN
ERBB3,p.P306H,CVRACHPDK,2,ERBB3_HUMAN
ERBB3,p.P306H,HPDKMEVDKN,2,ERBB3_HUMAN
ERBB3,p.P306H,CHPDKMEVDK,2,ERBB3_HUMAN
ERBB3,p.P306H,SCVRACHPDKM,2,ERBB3_HUMAN
ERBB3,p.P306H,DQTSCVRACHP,2,ERBB3_HUMAN
ERBB3,p.P306H,ACHPDKMEV,2,ERBB3_HUMAN
ERBB3,p.P306H,TSCVRACHPDK,2,ERBB3_HUMAN
ERBB3,p.P306H,SCVRACHPD,2,ERBB3_HUMAN
ERBB3,p.P306H,QTSCVRACH,2,ERBB3_HUMAN
ERBB3,p.P306H,QTSCVRACHPD,2,ERBB3_HUMAN
ERBB3,p.P306H,RACHPDKME,2,ERBB3_HUMAN
ERBB3,p.P306H,TSCVRACHPD,2,ERBB3_HUMAN
ERBB3,p.P306H,RACHPDKMEVD,2,ERBB3_HUMAN
ERBB3,p.P306H,CHPDKMEVDKN,2,ERBB3_HUMAN
ERBB3,p.P306H,DQTSCVRACH,2,ERBB3_HUMAN
ERBB3,p.P306H,CVRACHPDKM,2,ERBB3_HUMAN
ERBB3,p.P306H,ACHPDKMEVDK,2,ERBB3_HUMAN
ERBB3,p.P306H,ACHPDKMEVD,2,ERBB3_HUMAN
ERBB3,p.P306H,TSCVRACHP,2,ERBB3_HUMAN
ERBB3,p.P306H,VRACHPDKM,2,ERBB3_HUMAN
ERBB3,p.P306H,RACHPDKMEV,2,ERBB3_HUMAN
ERBB3,p.P306H,VRACHPDKME,2,ERBB3_HUMAN
ERBB3,p.P306H,HPDKMEVDK,2,ERBB3_HUMAN
ERBB3,p.P306H,CVRACHPDKME,2,ERBB3_HUMAN
ERBB3,p.P306H,HPDKMEVDKNG,2,ERBB3_HUMAN
ERBB3,p.P306H,VRACHPDKMEV,2,ERBB3_HUMAN
ERBB3,p.P306H,VDQTSCVRACH,2,ERBB3_HUMAN
ERBB3,p.P306H,QTSCVRACHP,2,ERBB3_HUMAN
ERBB3,p.P306H,SCVRACHPDK,2,ERBB3_HUMAN
ERBB3,p.H228R,CRDECAGGCSG,2,ERBB3_HUMAN
ERBB3,p.H228R,CCRDECAGG,2,ERBB3_HUMAN
ERBB3,p.H228R,NPNQCCRDEC,2,ERBB3_HUMAN
ERBB3,p.H228R,QCCRDECAGGC,2,ERBB3_HUMAN
ERBB3,p.H228R,FGPNPNQCCR,2,ERBB3_HUMAN
ERBB3,p.H228R,RDECAGGCS,2,ERBB3_HUMAN
ERBB3,p.H228R,NQCCRDECA,2,ERBB3_HUMAN
ERBB3,p.H228R,FGPNPNQCCRD,2,ERBB3_HUMAN
ERBB3,p.H228R,RDECAGGCSGP,2,ERBB3_HUMAN
ERBB3,p.H228R,GPNPNQCCRDE,2,ERBB3_HUMAN
ERBB3,p.H228R,CRDECAGGCS,2,ERBB3_HUMAN
ERBB3,p.H228R,QCCRDECAG,2,ERBB3_HUMAN
ERBB3,p.H228R,PNPNQCCRDEC,2,ERBB3_HUMAN
ERBB3,p.H228R,NPNQCCRDE,2,ERBB3_HUMAN
ERBB3,p.H228R,NPNQCCRDECA,2,ERBB3_HUMAN
ERBB3,p.H228R,QCCRDECAGG,2,ERBB3_HUMAN
ERBB3,p.H228R,PNPNQCCRD,2,ERBB3_HUMAN
ERBB3,p.H228R,NQCCRDECAG,2,ERBB3_HUMAN
ERBB3,p.H228R,CCRDECAGGCS,2,ERBB3_HUMAN
ERBB3,p.H228R,RDECAGGCSG,2,ERBB3_HUMAN
ERBB3,p.H228R,PNQCCRDECAG,2,ERBB3_HUMAN
ERBB3,p.H228R,NQCCRDECAGG,2,ERBB3_HUMAN
ERBB3,p.H228R,PNQCCRDEC,2,ERBB3_HUMAN
ERBB3,p.H228R,CFGPNPNQCCR,2,ERBB3_HUMAN
ERBB3,p.H228R,GPNPNQCCR,2,ERBB3_HUMAN
ERBB3,p.H228R,PNQCCRDECA,2,ERBB3_HUMAN
ERBB3,p.H228R,CRDECAGGC,2,ERBB3_HUMAN
ERBB3,p.H228R,PNPNQCCRDE,2,ERBB3_HUMAN
ERBB3,p.H228R,GPNPNQCCRD,2,ERBB3_HUMAN
ERBB3,p.H228R,CCRDECAGGC,2,ERBB3_HUMAN
FBXW7,p.R465H,HCMHLHEKRV,2,FBXW7_HUMAN
FBXW7,p.R465H,TVHCMHLHEKR,2,FBXW7_HUMAN
FBXW7,p.R465H,LYGHTSTVHC,2,FBXW7_HUMAN
FBXW7,p.R465H,HTSTVHCMH,2,FBXW7_HUMAN
FBXW7,p.R465H,TSTVHCMHL,2,FBXW7_HUMAN
FBXW7,p.R465H,TLYGHTSTVH,2,FBXW7_HUMAN
FBXW7,p.R465H,TLYGHTSTVHC,2,FBXW7_HUMAN
FBXW7,p.R465H,TVHCMHLHEK,2,FBXW7_HUMAN
FBXW7,p.R465H,YGHTSTVHCM,2,FBXW7_HUMAN
FBXW7,p.R465H,YGHTSTVHC,2,FBXW7_HUMAN
FBXW7,p.R465H,STVHCMHLH,2,FBXW7_HUMAN
FBXW7,p.R465H,STVHCMHLHE,2,FBXW7_HUMAN
FBXW7,p.R465H,LYGHTSTVHCM,2,FBXW7_HUMAN
FBXW7,p.R465H,VHCMHLHEK,2,FBXW7_HUMAN
FBXW7,p.R465H,HCMHLHEKRVV,2,FBXW7_HUMAN
FBXW7,p.R465H,TSTVHCMHLH,2,FBXW7_HUMAN
FBXW7,p.R465H,GHTSTVHCMH,2,FBXW7_HUMAN
FBXW7,p.R465H,HTSTVHCMHLH,2,FBXW7_HUMAN
FBXW7,p.R465H,VHCMHLHEKRV,2,FBXW7_HUMAN
FBXW7,p.R465H,HTLYGHTSTVH,2,FBXW7_HUMAN
FBXW7,p.R465H,HCMHLHEKR,2,FBXW7_HUMAN
FBXW7,p.R465H,GHTSTVHCM,2,FBXW7_HUMAN
FBXW7,p.R465H,HTSTVHCMHL,2,FBXW7_HUMAN
FBXW7,p.R465H,VHCMHLHEKR,2,FBXW7_HUMAN
FBXW7,p.R465H,TSTVHCMHLHE,2,FBXW7_HUMAN
FBXW7,p.R465H,GHTSTVHCMHL,2,FBXW7_HUMAN
FBXW7,p.R465H,YGHTSTVHCMH,2,FBXW7_HUMAN
FBXW7,p.R465H,STVHCMHLHEK,2,FBXW7_HUMAN
FBXW7,p.R465H,TVHCMHLHE,2,FBXW7_HUMAN
FBXW7,p.R465H,LYGHTSTVH,2,FBXW7_HUMAN
KRAS,p.Q61H,ILDTAGHEE,2,RASK_HUMAN
KRAS,p.Q61H,TAGHEEYSAM,2,RASK_HUMAN
KRAS,p.Q61H,LDILDTAGHE,2,RASK_HUMAN
KRAS,p.Q61H,TAGHEEYSAMR,2,RASK_HUMAN
KRAS,p.Q61H,DTAGHEEYSAM,2,RASK_HUMAN
KRAS,p.Q61H,LDTAGHEEYS,2,RASK_HUMAN
KRAS,p.Q61H,ILDTAGHEEYS,2,RASK_HUMAN
KRAS,p.Q61H,GHEEYSAMR,2,RASK_HUMAN
KRAS,p.Q61H,CLLDILDTAGH,2,RASK_HUMAN
KRAS,p.Q61H,ILDTAGHEEY,2,RASK_HUMAN
KRAS,p.Q61H,LDILDTAGH,2,RASK_HUMAN
KRAS,p.Q61H,AGHEEYSAM,2,RASK_HUMAN
KRAS,p.Q61H,AGHEEYSAMRD,2,RASK_HUMAN
KRAS,p.Q61H,LLDILDTAGH,2,RASK_HUMAN
KRAS,p.Q61H,AGHEEYSAMR,2,RASK_HUMAN
KRAS,p.Q61H,DTAGHEEYSA,2,RASK_HUMAN
KRAS,p.Q61H,HEEYSAMRDQY,2,RASK_HUMAN
KRAS,p.Q61H,GHEEYSAMRD,2,RASK_HUMAN
KRAS,p.Q61H,LLDILDTAGHE,2,RASK_HUMAN
KRAS,p.Q61H,DILDTAGHE,2,RASK_HUMAN
KRAS,p.Q61H,LDTAGHEEYSA,2,RASK_HUMAN
KRAS,p.Q61H,DILDTAGHEE,2,RASK_HUMAN
KRAS,p.Q61H,LDILDTAGHEE,2,RASK_HUMAN
KRAS,p.Q61H,HEEYSAMRDQ,2,RASK_HUMAN
KRAS,p.Q61H,DTAGHEEYS,2,RASK_HUMAN
KRAS,p.Q61H,HEEYSAMRD,2,RASK_HUMAN
KRAS,p.Q61H,GHEEYSAMRDQ,2,RASK_HUMAN
KRAS,p.Q61H,LDTAGHEEY,2,RASK_HUMAN
KRAS,p.Q61H,TAGHEEYSA,2,RASK_HUMAN
KRAS,p.Q61H,DILDTAGHEEY,2,RASK_HUMAN
PIK3CA,p.R38H,MIVTLECLHEA,2,PK3CA_HUMAN
PIK3CA,p.R38H,GMIVTLECLH,2,PK3CA_HUMAN
PIK3CA,p.R38H,HEATLITIKHE,2,PK3CA_HUMAN
PIK3CA,p.R38H,VTLECLHEATL,2,PK3CA_HUMAN
PIK3CA,p.R38H,IVTLECLHEAT,2,PK3CA_HUMAN
PIK3CA,p.R38H,LHEATLITIKH,2,PK3CA_HUMAN
PIK3CA,p.R38H,TLECLHEAT,2,PK3CA_HUMAN
PIK3CA,p.R38H,LHEATLITIK,2,PK3CA_HUMAN
PIK3CA,p.R38H,LECLHEATL,2,PK3CA_HUMAN
PIK3CA,p.R38H,IVTLECLHE,2,PK3CA_HUMAN
PIK3CA,p.R38H,TLECLHEATL,2,PK3CA_HUMAN
PIK3CA,p.R38H,LHEATLITI,2,PK3CA_HUMAN
PIK3CA,p.R38H,HEATLITIK,2,PK3CA_HUMAN
PIK3CA,p.R38H,IVTLECLHEA,2,PK3CA_HUMAN
PIK3CA,p.R38H,LECLHEATLIT,2,PK3CA_HUMAN
PIK3CA,p.R38H,LECLHEATLI,2,PK3CA_HUMAN
PIK3CA,p.R38H,ECLHEATLITI,2,PK3CA_HUMAN
PIK3CA,p.R38H,TLECLHEATLI,2,PK3CA_HUMAN
PIK3CA,p.R38H,MIVTLECLH,2,PK3CA_HUMAN
PIK3CA,p.R38H,VTLECLHEA,2,PK3CA_HUMAN
PIK3CA,p.R38H,GMIVTLECLHE,2,PK3CA_HUMAN
PIK3CA,p.R38H,ECLHEATLI,2,PK3CA_HUMAN
PIK3CA,p.R38H,VTLECLHEAT,2,PK3CA_HUMAN
PIK3CA,p.R38H,MIVTLECLHE,2,PK3CA_HUMAN
PIK3CA,p.R38H,CLHEATLIT,2,PK3CA_HUMAN
PIK3CA,p.R38H,NGMIVTLECLH,2,PK3CA_HUMAN
PIK3CA,p.R38H,CLHEATLITIK,2,PK3CA_HUMAN
PIK3CA,p.R38H,HEATLITIKH,2,PK3CA_HUMAN
PIK3CA,p.R38H,ECLHEATLIT,2,PK3CA_HUMAN
PIK3CA,p.R38H,CLHEATLITI,2,PK3CA_HUMAN
PIK3CA,p.C420R,GRKGAKEEHRP,2,PK3CA_HUMAN
PIK3CA,p.C420R,GAKEEHRPL,2,PK3CA_HUMAN
PIK3CA,p.C420R,KEEHRPLAWG,2,PK3CA_HUMAN
PIK3CA,p.C420R,HRPLAWGNINL,2,PK3CA_HUMAN
PIK3CA,p.C420R,RPLAWGNINL,2,PK3CA_HUMAN
PIK3CA,p.C420R,KEEHRPLAW,2,PK3CA_HUMAN
PIK3CA,p.C420R,HRPLAWGNI,2,PK3CA_HUMAN
PIK3CA,p.C420R,KEEHRPLAWGN,2,PK3CA_HUMAN
PIK3CA,p.C420R,RKGAKEEHR,2,PK3CA_HUMAN
PIK3CA,p.C420R,EEHRPLAWG,2,PK3CA_HUMAN
PIK3CA,p.C420R,RKGAKEEHRP,2,PK3CA_HUMAN
PIK3CA,p.C420R,EHRPLAWGNIN,2,PK3CA_HUMAN
PIK3CA,p.C420R,HRPLAWGNIN,2,PK3CA_HUMAN
PIK3CA,p.C420R,GAKEEHRPLA,2,PK3CA_HUMAN
PIK3CA,p.C420R,KGAKEEHRP,2,PK3CA_HUMAN
PIK3CA,p.C420R,EHRPLAWGN,2,PK3CA_HUMAN
PIK3CA,p.C420R,AKEEHRPLAW,2,PK3CA_HUMAN
PIK3CA,p.C420R,RKGAKEEHRPL,2,PK3CA_HUMAN
PIK3CA,p.C420R,AKEEHRPLAWG,2,PK3CA_HUMAN
PIK3CA,p.C420R,KGAKEEHRPL,2,PK3CA_HUMAN
PIK3CA,p.C420R,GRKGAKEEHR,2,PK3CA_HUMAN
PIK3CA,p.C420R,RPLAWGNIN,2,PK3CA_HUMAN
PIK3CA,p.C420R,EEHRPLAWGN,2,PK3CA_HUMAN
PIK3CA,p.C420R,KGAKEEHRPLA,2,PK3CA_HUMAN
PIK3CA,p.C420R,EEHRPLAWGNI,2,PK3CA_HUMAN
PIK3CA,p.C420R,GAKEEHRPLAW,2,PK3CA_HUMAN
PIK3CA,p.C420R,AKEEHRPLA,2,PK3CA_HUMAN
PIK3CA,p.C420R,KGRKGAKEEHR,2,PK3CA_HUMAN
PIK3CA,p.C420R,RPLAWGNINLF,2,PK3CA_HUMAN
PIK3CA,p.C420R,EHRPLAWGNI,2,PK3CA_HUMAN
PIK3CA,p.E453K,PVPHGLKDL,2,PK3CA_HUMAN
PIK3CA,p.E453K,WPVPHGLKDLL,2,PK3CA_HUMAN
PIK3CA,p.E453K,LWPVPHGLKD,2,PK3CA_HUMAN
PIK3CA,p.E453K,LKDLLNPIGV,2,PK3CA_HUMAN
PIK3CA,p.E453K,PVPHGLKDLLN,2,PK3CA_HUMAN
PIK3CA,p.E453K,PHGLKDLLNPI,2,PK3CA_HUMAN
PIK3CA,p.E453K,PHGLKDLLNP,2,PK3CA_HUMAN
PIK3CA,p.E453K,KDLLNPIGVTG,2,PK3CA_HUMAN
PIK3CA,p.E453K,LWPVPHGLKDL,2,PK3CA_HUMAN
PIK3CA,p.E453K,HGLKDLLNP,2,PK3CA_HUMAN
PIK3CA,p.E453K,WPVPHGLKDL,2,PK3CA_HUMAN
PIK3CA,p.E453K,LKDLLNPIG,2,PK3CA_HUMAN
PIK3CA,p.E453K,NLWPVPHGLK,2,PK3CA_HUMAN
PIK3CA,p.E453K,VPHGLKDLL,2,PK3CA_HUMAN
PIK3CA,p.E453K,GLKDLLNPIG,2,PK3CA_HUMAN
PIK3CA,p.E453K,KDLLNPIGV,2,PK3CA_HUMAN
PIK3CA,p.E453K,GLKDLLNPI,2,PK3CA_HUMAN
PIK3CA,p.E453K,KDLLNPIGVT,2,PK3CA_HUMAN
PIK3CA,p.E453K,VPHGLKDLLN,2,PK3CA_HUMAN
PIK3CA,p.E453K,HGLKDLLNPIG,2,PK3CA_HUMAN
PIK3CA,p.E453K,VPHGLKDLLNP,2,PK3CA_HUMAN
PIK3CA,p.E453K,PHGLKDLLN,2,PK3CA_HUMAN
PIK3CA,p.E453K,HGLKDLLNPI,2,PK3CA_HUMAN
PIK3CA,p.E453K,PVPHGLKDLL,2,PK3CA_HUMAN
PIK3CA,p.E453K,NLWPVPHGLKD,2,PK3CA_HUMAN
PIK3CA,p.E453K,LWPVPHGLK,2,PK3CA_HUMAN
PIK3CA,p.E453K,GLKDLLNPIGV,2,PK3CA_HUMAN
PIK3CA,p.E453K,LNLWPVPHGLK,2,PK3CA_HUMAN
PIK3CA,p.E453K,LKDLLNPIGVT,2,PK3CA_HUMAN
PIK3CA,p.E453K,WPVPHGLKD,2,PK3CA_HUMAN
PIK3CA,p.Q546K,ITEKEKDFLW,2,PK3CA_HUMAN
PIK3CA,p.Q546K,SEITEKEKDFL,2,PK3CA_HUMAN
PIK3CA,p.Q546K,PLSEITEKEK,2,PK3CA_HUMAN
PIK3CA,p.Q546K,PLSEITEKEKD,2,PK3CA_HUMAN
PIK3CA,p.Q546K,DPLSEITEKEK,2,PK3CA_HUMAN
PIK3CA,p.Q546K,RDPLSEITEKE,2,PK3CA_HUMAN
PIK3CA,p.Q546K,TEKEKDFLWSH,2,PK3CA_HUMAN
PIK3CA,p.Q546K,PLSEITEKE,2,PK3CA_HUMAN
PIK3CA,p.Q546K,EKEKDFLWSH,2,PK3CA_HUMAN
PIK3CA,p.Q546K,KEKDFLWSHRH,2,PK3CA_HUMAN
PIK3CA,p.Q546K,ITEKEKDFL,2,PK3CA_HUMAN
PIK3CA,p.Q546K,RDPLSEITEK,2,PK3CA_HUMAN
PIK3CA,p.Q546K,KEKDFLWSH,2,PK3CA_HUMAN
PIK3CA,p.Q546K,SEITEKEKD,2,PK3CA_HUMAN
PIK3CA,p.Q546K,SEITEKEKDF,2,PK3CA_HUMAN
PIK3CA,p.Q546K,TEKEKDFLW,2,PK3CA_HUMAN
PIK3CA,p.Q546K,DPLSEITEKE,2,PK3CA_HUMAN
PIK3CA,p.Q546K,KEKDFLWSHR,2,PK3CA_HUMAN
PIK3CA,p.Q546K,EITEKEKDFL,2,PK3CA_HUMAN
PIK3CA,p.Q546K,TEKEKDFLWS,2,PK3CA_HUMAN
PIK3CA,p.Q546K,EITEKEKDF,2,PK3CA_HUMAN
PIK3CA,p.Q546K,LSEITEKEKD,2,PK3CA_HUMAN
PIK3CA,p.Q546K,LSEITEKEK,2,PK3CA_HUMAN
PIK3CA,p.Q546K,ITEKEKDFLWS,2,PK3CA_HUMAN
PIK3CA,p.Q546K,EKEKDFLWS,2,PK3CA_HUMAN
PIK3CA,p.Q546K,TRDPLSEITEK,2,PK3CA_HUMAN
PIK3CA,p.Q546K,EKEKDFLWSHR,2,PK3CA_HUMAN
PIK3CA,p.Q546K,EITEKEKDFLW,2,PK3CA_HUMAN
PIK3CA,p.Q546K,DPLSEITEK,2,PK3CA_HUMAN
PIK3CA,p.Q546K,LSEITEKEKDF,2,PK3CA_HUMAN
PIK3CA,p.K111E,VGNREEEILN,2,PK3CA_HUMAN
PIK3CA,p.K111E,REEEILNRE,2,PK3CA_HUMAN
PIK3CA,p.K111E,EPVGNREEE,2,PK3CA_HUMAN
PIK3CA,p.K111E,NREEEILNRE,2,PK3CA_HUMAN
PIK3CA,p.K111E,PVGNREEEILN,2,PK3CA_HUMAN
PIK3CA,p.K111E,GNREEEILNR,2,PK3CA_HUMAN
PIK3CA,p.K111E,GNREEEILNRE,2,PK3CA_HUMAN
PIK3CA,p.K111E,EEEILNREI,2,PK3CA_HUMAN
PIK3CA,p.K111E,GNREEEILN,2,PK3CA_HUMAN
PIK3CA,p.K111E,PVGNREEEIL,2,PK3CA_HUMAN
PIK3CA,p.K111E,VGNREEEIL,2,PK3CA_HUMAN
PIK3CA,p.K111E,REEEILNREIG,2,PK3CA_HUMAN
PIK3CA,p.K111E,EEILNREIGF,2,PK3CA_HUMAN
PIK3CA,p.K111E,EILNREIGFAI,2,PK3CA_HUMAN
PIK3CA,p.K111E,VIEPVGNREEE,2,PK3CA_HUMAN
PIK3CA,p.K111E,EEEILNREIG,2,PK3CA_HUMAN
PIK3CA,p.K111E,EILNREIGFA,2,PK3CA_HUMAN
PIK3CA,p.K111E,PVGNREEEI,2,PK3CA_HUMAN
PIK3CA,p.K111E,EEEILNREIGF,2,PK3CA_HUMAN
PIK3CA,p.K111E,IEPVGNREEEI,2,PK3CA_HUMAN
PIK3CA,p.K111E,NREEEILNR,2,PK3CA_HUMAN
PIK3CA,p.K111E,VGNREEEILNR,2,PK3CA_HUMAN
PIK3CA,p.K111E,NREEEILNREI,2,PK3CA_HUMAN
PIK3CA,p.K111E,EILNREIGF,2,PK3CA_HUMAN
PIK3CA,p.K111E,IEPVGNREEE,2,PK3CA_HUMAN
PIK3CA,p.K111E,EEILNREIGFA,2,PK3CA_HUMAN
PIK3CA,p.K111E,EPVGNREEEIL,2,PK3CA_HUMAN
PIK3CA,p.K111E,EEILNREIG,2,PK3CA_HUMAN
PIK3CA,p.K111E,EPVGNREEEI,2,PK3CA_HUMAN
PIK3CA,p.K111E,REEEILNREI,2,PK3CA_HUMAN
PTEN,p.R130Q,GQTGVMICAY,2,PTEN_HUMAN
PTEN,p.R130Q,KGQTGVMICAY,2,PTEN_HUMAN
PTEN,p.R130Q,HCKAGKGQTGV,2,PTEN_HUMAN
PTEN,p.R130Q,KAGKGQTGVMI,2,PTEN_HUMAN
PTEN,p.R130Q,CKAGKGQTGVM,2,PTEN_HUMAN
PTEN,p.R130Q,KGQTGVMICA,2,PTEN_HUMAN
PTEN,p.R130Q,CKAGKGQTG,2,PTEN_HUMAN
PTEN,p.R130Q,CKAGKGQTGV,2,PTEN_HUMAN
PTEN,p.R130Q,HCKAGKGQTG,2,PTEN_HUMAN
PTEN,p.R130Q,IHCKAGKGQ,2,PTEN_HUMAN
PTEN,p.R130Q,AGKGQTGVMIC,2,PTEN_HUMAN
PTEN,p.R130Q,KAGKGQTGV,2,PTEN_HUMAN
PTEN,p.R130Q,KAGKGQTGVM,2,PTEN_HUMAN
PTEN,p.R130Q,GQTGVMICAYL,2,PTEN_HUMAN
PTEN,p.R130Q,AAIHCKAGKGQ,2,PTEN_HUMAN
PTEN,p.R130Q,QTGVMICAY,2,PTEN_HUMAN
PTEN,p.R130Q,AGKGQTGVMI,2,PTEN_HUMAN
PTEN,p.R130Q,QTGVMICAYLL,2,PTEN_HUMAN
PTEN,p.R130Q,GKGQTGVMIC,2,PTEN_HUMAN
PTEN,p.R130Q,GKGQTGVMI,2,PTEN_HUMAN
PTEN,p.R130Q,IHCKAGKGQTG,2,PTEN_HUMAN
PTEN,p.R130Q,KGQTGVMIC,2,PTEN_HUMAN
PTEN,p.R130Q,GKGQTGVMICA,2,PTEN_HUMAN
PTEN,p.R130Q,AIHCKAGKGQ,2,PTEN_HUMAN
PTEN,p.R130Q,IHCKAGKGQT,2,PTEN_HUMAN
PTEN,p.R130Q,AIHCKAGKGQT,2,PTEN_HUMAN
PTEN,p.R130Q,HCKAGKGQT,2,PTEN_HUMAN
PTEN,p.R130Q,GQTGVMICA,2,PTEN_HUMAN
PTEN,p.R130Q,AGKGQTGVM,2,PTEN_HUMAN
PTEN,p.R130Q,QTGVMICAYL,2,PTEN_HUMAN
RHOA,p.Y42C,NCVADIEVDGK,2,RHOA_HUMAN
RHOA,p.Y42C,YVPTVFENCV,2,RHOA_HUMAN
RHOA,p.Y42C,PTVFENCVAD,2,RHOA_HUMAN
RHOA,p.Y42C,CVADIEVDGK,2,RHOA_HUMAN
RHOA,p.Y42C,PTVFENCVADI,2,RHOA_HUMAN
RHOA,p.Y42C,CVADIEVDGKQ,2,RHOA_HUMAN
RHOA,p.Y42C,ENCVADIEVD,2,RHOA_HUMAN
RHOA,p.Y42C,TVFENCVADIE,2,RHOA_HUMAN
RHOA,p.Y42C,NCVADIEVDG,2,RHOA_HUMAN
RHOA,p.Y42C,NCVADIEVD,2,RHOA_HUMAN
RHOA,p.Y42C,PTVFENCVA,2,RHOA_HUMAN
RHOA,p.Y42C,YVPTVFENC,2,RHOA_HUMAN
RHOA,p.Y42C,VFENCVADI,2,RHOA_HUMAN
RHOA,p.Y42C,VPTVFENCV,2,RHOA_HUMAN
RHOA,p.Y42C,VPTVFENCVAD,2,RHOA_HUMAN
RHOA,p.Y42C,YVPTVFENCVA,2,RHOA_HUMAN
RHOA,p.Y42C,CVADIEVDG,2,RHOA_HUMAN
RHOA,p.Y42C,EVYVPTVFENC,2,RHOA_HUMAN
RHOA,p.Y42C,FENCVADIEV,2,RHOA_HUMAN
RHOA,p.Y42C,TVFENCVAD,2,RHOA_HUMAN
RHOA,p.Y42C,ENCVADIEVDG,2,RHOA_HUMAN
RHOA,p.Y42C,VFENCVADIE,2,RHOA_HUMAN
RHOA,p.Y42C,FENCVADIEVD,2,RHOA_HUMAN
RHOA,p.Y42C,TVFENCVADI,2,RHOA_HUMAN
RHOA,p.Y42C,VPTVFENCVA,2,RHOA_HUMAN
RHOA,p.Y42C,VYVPTVFENC,2,RHOA_HUMAN
RHOA,p.Y42C,FENCVADIE,2,RHOA_HUMAN
RHOA,p.Y42C,VFENCVADIEV,2,RHOA_HUMAN
RHOA,p.Y42C,VYVPTVFENCV,2,RHOA_HUMAN
RHOA,p.Y42C,ENCVADIEV,2,RHOA_HUMAN
RHOA,p.L57V,ELAVWDTAGQ,2,RHOA_HUMAN
RHOA,p.L57V,EVDGKQVELAV,2,RHOA_HUMAN
RHOA,p.L57V,AVWDTAGQEDY,2,RHOA_HUMAN
RHOA,p.L57V,VELAVWDTAG,2,RHOA_HUMAN
RHOA,p.L57V,VWDTAGQEDYD,2,RHOA_HUMAN
RHOA,p.L57V,LAVWDTAGQ,2,RHOA_HUMAN
RHOA,p.L57V,ELAVWDTAGQE,2,RHOA_HUMAN
RHOA,p.L57V,VWDTAGQED,2,RHOA_HUMAN
RHOA,p.L57V,ELAVWDTAG,2,RHOA_HUMAN
RHOA,p.L57V,AVWDTAGQE,2,RHOA_HUMAN
RHOA,p.L57V,VELAVWDTA,2,RHOA_HUMAN
RHOA,p.L57V,LAVWDTAGQED,2,RHOA_HUMAN
RHOA,p.L57V,LAVWDTAGQE,2,RHOA_HUMAN
RHOA,p.L57V,KQVELAVWD,2,RHOA_HUMAN
RHOA,p.L57V,QVELAVWDT,2,RHOA_HUMAN
RHOA,p.L57V,GKQVELAVWDT,2,RHOA_HUMAN
RHOA,p.L57V,GKQVELAVWD,2,RHOA_HUMAN
RHOA,p.L57V,VELAVWDTAGQ,2,RHOA_HUMAN
RHOA,p.L57V,VDGKQVELAV,2,RHOA_HUMAN
RHOA,p.L57V,VWDTAGQEDY,2,RHOA_HUMAN
RHOA,p.L57V,GKQVELAVW,2,RHOA_HUMAN
RHOA,p.L57V,QVELAVWDTA,2,RHOA_HUMAN
RHOA,p.L57V,AVWDTAGQED,2,RHOA_HUMAN
RHOA,p.L57V,DGKQVELAVW,2,RHOA_HUMAN
RHOA,p.L57V,QVELAVWDTAG,2,RHOA_HUMAN
RHOA,p.L57V,KQVELAVWDTA,2,RHOA_HUMAN
RHOA,p.L57V,VDGKQVELAVW,2,RHOA_HUMAN
RHOA,p.L57V,DGKQVELAVWD,2,RHOA_HUMAN
RHOA,p.L57V,KQVELAVWDT,2,RHOA_HUMAN
RHOA,p.L57V,DGKQVELAV,2,RHOA_HUMAN
RHOA,p.Y34C,VFSKDQFPEVC,2,RHOA_HUMAN
RHOA,p.Y34C,CVPTVFENYV,2,RHOA_HUMAN
RHOA,p.Y34C,CVPTVFENY,2,RHOA_HUMAN
RHOA,p.Y34C,FPEVCVPTVF,2,RHOA_HUMAN
RHOA,p.Y34C,QFPEVCVPT,2,RHOA_HUMAN
RHOA,p.Y34C,SKDQFPEVCVP,2,RHOA_HUMAN
RHOA,p.Y34C,SKDQFPEVCV,2,RHOA_HUMAN
RHOA,p.Y34C,DQFPEVCVP,2,RHOA_HUMAN
RHOA,p.Y34C,VCVPTVFENY,2,RHOA_HUMAN
RHOA,p.Y34C,KDQFPEVCVP,2,RHOA_HUMAN
RHOA,p.Y34C,EVCVPTVFEN,2,RHOA_HUMAN
RHOA,p.Y34C,EVCVPTVFE,2,RHOA_HUMAN
RHOA,p.Y34C,DQFPEVCVPTV,2,RHOA_HUMAN
RHOA,p.Y34C,QFPEVCVPTV,2,RHOA_HUMAN
RHOA,p.Y34C,KDQFPEVCV,2,RHOA_HUMAN
RHOA,p.Y34C,CVPTVFENYVA,2,RHOA_HUMAN
RHOA,p.Y34C,PEVCVPTVFEN,2,RHOA_HUMAN
RHOA,p.Y34C,SKDQFPEVC,2,RHOA_HUMAN
RHOA,p.Y34C,VCVPTVFENYV,2,RHOA_HUMAN
RHOA,p.Y34C,FPEVCVPTVFE,2,RHOA_HUMAN
RHOA,p.Y34C,PEVCVPTVF,2,RHOA_HUMAN
RHOA,p.Y34C,QFPEVCVPTVF,2,RHOA_HUMAN
RHOA,p.Y34C,PEVCVPTVFE,2,RHOA_HUMAN
RHOA,p.Y34C,KDQFPEVCVPT,2,RHOA_HUMAN
RHOA,p.Y34C,FSKDQFPEVCV,2,RHOA_HUMAN
RHOA,p.Y34C,FPEVCVPTV,2,RHOA_HUMAN
RHOA,p.Y34C,FSKDQFPEVC,2,RHOA_HUMAN
RHOA,p.Y34C,EVCVPTVFENY,2,RHOA_HUMAN
RHOA,p.Y34C,DQFPEVCVPT,2,RHOA_HUMAN
RHOA,p.Y34C,VCVPTVFEN,2,RHOA_HUMAN
RHOA,p.Y42S,VYVPTVFENSV,2,RHOA_HUMAN
RHOA,p.Y42S,VYVPTVFENS,2,RHOA_HUMAN
RHOA,p.Y42S,EVYVPTVFENS,2,RHOA_HUMAN
RHOA,p.Y42S,SVADIEVDG,2,RHOA_HUMAN
RHOA,p.Y42S,ENSVADIEVD,2,RHOA_HUMAN
RHOA,p.Y42S,ENSVADIEVDG,2,RHOA_HUMAN
RHOA,p.Y42S,VPTVFENSVA,2,RHOA_HUMAN
RHOA,p.Y42S,VFENSVADIEV,2,RHOA_HUMAN
RHOA,p.Y42S,FENSVADIEVD,2,RHOA_HUMAN
RHOA,p.Y42S,SVADIEVDGKQ,2,RHOA_HUMAN
RHOA,p.Y42S,TVFENSVAD,2,RHOA_HUMAN
RHOA,p.Y42S,PTVFENSVA,2,RHOA_HUMAN
RHOA,p.Y42S,PTVFENSVADI,2,RHOA_HUMAN
RHOA,p.Y42S,PTVFENSVAD,2,RHOA_HUMAN
RHOA,p.Y42S,YVPTVFENSVA,2,RHOA_HUMAN
RHOA,p.Y42S,VFENSVADI,2,RHOA_HUMAN
RHOA,p.Y42S,VFENSVADIE,2,RHOA_HUMAN
RHOA,p.Y42S,FENSVADIEV,2,RHOA_HUMAN
RHOA,p.Y42S,YVPTVFENSV,2,RHOA_HUMAN
RHOA,p.Y42S,TVFENSVADIE,2,RHOA_HUMAN
RHOA,p.Y42S,NSVADIEVDGK,2,RHOA_HUMAN
RHOA,p.Y42S,NSVADIEVDG,2,RHOA_HUMAN
RHOA,p.Y42S,VPTVFENSV,2,RHOA_HUMAN
RHOA,p.Y42S,VPTVFENSVAD,2,RHOA_HUMAN
RHOA,p.Y42S,YVPTVFENS,2,RHOA_HUMAN
RHOA,p.Y42S,SVADIEVDGK,2,RHOA_HUMAN
RHOA,p.Y42S,FENSVADIE,2,RHOA_HUMAN
RHOA,p.Y42S,TVFENSVADI,2,RHOA_HUMAN
RHOA,p.Y42S,NSVADIEVD,2,RHOA_HUMAN
RHOA,p.Y42S,ENSVADIEV,2,RHOA_HUMAN
SMAD4,p.R361H,GGDHFCLGQ,2,SMAD4_HUMAN
SMAD4,p.R361H,GDHFCLGQL,2,SMAD4_HUMAN
SMAD4,p.R361H,YVDPSGGDHFC,2,SMAD4_HUMAN
SMAD4,p.R361H,DHFCLGQLSNV,2,SMAD4_HUMAN
SMAD4,p.R361H,GYVDPSGGDH,2,SMAD4_HUMAN
SMAD4,p.R361H,DPSGGDHFC,2,SMAD4_HUMAN
SMAD4,p.R361H,DHFCLGQLS,2,SMAD4_HUMAN
SMAD4,p.R361H,PSGGDHFCL,2,SMAD4_HUMAN
SMAD4,p.R361H,HFCLGQLSNV,2,SMAD4_HUMAN
SMAD4,p.R361H,DHFCLGQLSN,2,SMAD4_HUMAN
SMAD4,p.R361H,DPSGGDHFCLG,2,SMAD4_HUMAN
SMAD4,p.R361H,PSGGDHFCLGQ,2,SMAD4_HUMAN
SMAD4,p.R361H,GYVDPSGGDHF,2,SMAD4_HUMAN
SMAD4,p.R361H,VDPSGGDHFC,2,SMAD4_HUMAN
SMAD4,p.R361H,GGDHFCLGQL,2,SMAD4_HUMAN
SMAD4,p.R361H,SGGDHFCLGQ,2,SMAD4_HUMAN
SMAD4,p.R361H,YVDPSGGDHF,2,SMAD4_HUMAN
SMAD4,p.R361H,SGGDHFCLGQL,2,SMAD4_HUMAN
SMAD4,p.R361H,GGDHFCLGQLS,2,SMAD4_HUMAN
SMAD4,p.R361H,GDHFCLGQLSN,2,SMAD4_HUMAN
SMAD4,p.R361H,DGYVDPSGGDH,2,SMAD4_HUMAN
SMAD4,p.R361H,HFCLGQLSNVH,2,SMAD4_HUMAN
SMAD4,p.R361H,VDPSGGDHF,2,SMAD4_HUMAN
SMAD4,p.R361H,GDHFCLGQLS,2,SMAD4_HUMAN
SMAD4,p.R361H,PSGGDHFCLG,2,SMAD4_HUMAN
SMAD4,p.R361H,DPSGGDHFCL,2,SMAD4_HUMAN
SMAD4,p.R361H,HFCLGQLSN,2,SMAD4_HUMAN
SMAD4,p.R361H,YVDPSGGDH,2,SMAD4_HUMAN
SMAD4,p.R361H,SGGDHFCLG,2,SMAD4_HUMAN
SMAD4,p.R361H,VDPSGGDHFCL,2,SMAD4_HUMAN
TP53,p.G245S,NSSCMGSMNR,2,P53_HUMAN
TP53,p.G245S,CMGSMNRRPIL,2,P53_HUMAN
TP53,p.G245S,SMNRRPILTII,2,P53_HUMAN
TP53,p.G245S,SMNRRPILT,2,P53_HUMAN
TP53,p.G245S,NYMCNSSCMGS,2,P53_HUMAN
TP53,p.G245S,CNSSCMGSMN,2,P53_HUMAN
TP53,p.G245S,NSSCMGSMN,2,P53_HUMAN
TP53,p.G245S,SSCMGSMNRRP,2,P53_HUMAN
TP53,p.G245S,CNSSCMGSMNR,2,P53_HUMAN
TP53,p.G245S,SCMGSMNRR,2,P53_HUMAN
TP53,p.G245S,SCMGSMNRRP,2,P53_HUMAN
TP53,p.G245S,SSCMGSMNRR,2,P53_HUMAN
TP53,p.G245S,CMGSMNRRP,2,P53_HUMAN
TP53,p.G245S,MCNSSCMGSMN,2,P53_HUMAN
TP53,p.G245S,MCNSSCMGSM,2,P53_HUMAN
TP53,p.G245S,GSMNRRPIL,2,P53_HUMAN
TP53,p.G245S,SSCMGSMNR,2,P53_HUMAN
TP53,p.G245S,MCNSSCMGS,2,P53_HUMAN
TP53,p.G245S,CMGSMNRRPI,2,P53_HUMAN
TP53,p.G245S,CNSSCMGSM,2,P53_HUMAN
TP53,p.G245S,YMCNSSCMGS,2,P53_HUMAN
TP53,p.G245S,SMNRRPILTI,2,P53_HUMAN
TP53,p.G245S,MGSMNRRPIL,2,P53_HUMAN
TP53,p.G245S,GSMNRRPILTI,2,P53_HUMAN
TP53,p.G245S,GSMNRRPILT,2,P53_HUMAN
TP53,p.G245S,YMCNSSCMGSM,2,P53_HUMAN
TP53,p.G245S,MGSMNRRPI,2,P53_HUMAN
TP53,p.G245S,MGSMNRRPILT,2,P53_HUMAN
TP53,p.G245S,NSSCMGSMNRR,2,P53_HUMAN
TP53,p.G245S,SCMGSMNRRPI,2,P53_HUMAN
TP53,p.V173M,KQSQHMTEVMR,2,P53_HUMAN
TP53,p.V173M,MTEVMRRCPH,2,P53_HUMAN
TP53,p.V173M,MTEVMRRCPHH,2,P53_HUMAN
TP53,p.V173M,HMTEVMRRCP,2,P53_HUMAN
TP53,p.V173M,HMTEVMRRC,2,P53_HUMAN
TP53,p.V173M,MRRCPHHER,2,P53_HUMAN
TP53,p.V173M,MRRCPHHERC,2,P53_HUMAN
TP53,p.V173M,HMTEVMRRCPH,2,P53_HUMAN
TP53,p.V173M,SQHMTEVMRRC,2,P53_HUMAN
TP53,p.V173M,EVMRRCPHHER,2,P53_HUMAN
TP53,p.V173M,QSQHMTEVMR,2,P53_HUMAN
TP53,p.V173M,TEVMRRCPHHE,2,P53_HUMAN
TP53,p.V173M,SQHMTEVMRR,2,P53_HUMAN
TP53,p.V173M,EVMRRCPHHE,2,P53_HUMAN
TP53,p.V173M,TEVMRRCPHH,2,P53_HUMAN
TP53,p.V173M,EVMRRCPHH,2,P53_HUMAN
TP53,p.V173M,QSQHMTEVM,2,P53_HUMAN
TP53,p.V173M,MTEVMRRCP,2,P53_HUMAN
TP53,p.V173M,VMRRCPHHE,2,P53_HUMAN
TP53,p.V173M,QSQHMTEVMRR,2,P53_HUMAN
TP53,p.V173M,VMRRCPHHERC,2,P53_HUMAN
TP53,p.V173M,QHMTEVMRRCP,2,P53_HUMAN
TP53,p.V173M,QHMTEVMRR,2,P53_HUMAN
TP53,p.V173M,MRRCPHHERCS,2,P53_HUMAN
TP53,p.V173M,KQSQHMTEVM,2,P53_HUMAN
TP53,p.V173M,VMRRCPHHER,2,P53_HUMAN
TP53,p.V173M,SQHMTEVMR,2,P53_HUMAN
TP53,p.V173M,QHMTEVMRRC,2,P53_HUMAN
TP53,p.V173M,TEVMRRCPH,2,P53_HUMAN
TP53,p.V173M,YKQSQHMTEVM,2,P53_HUMAN
TP53,p.R249S,CMGGMNRSP,2,P53_HUMAN
TP53,p.R249S,MNRSPILTIIT,2,P53_HUMAN
TP53,p.R249S,CMGGMNRSPI,2,P53_HUMAN
TP53,p.R249S,MGGMNRSPIL,2,P53_HUMAN
TP53,p.R249S,SSCMGGMNRS,2,P53_HUMAN
TP53,p.R249S,SPILTIITLE,2,P53_HUMAN
TP53,p.R249S,NSSCMGGMNRS,2,P53_HUMAN
TP53,p.R249S,RSPILTIITL,2,P53_HUMAN
TP53,p.R249S,GGMNRSPILTI,2,P53_HUMAN
TP53,p.R249S,MGGMNRSPI,2,P53_HUMAN
TP53,p.R249S,MNRSPILTII,2,P53_HUMAN
TP53,p.R249S,SCMGGMNRSP,2,P53_HUMAN
TP53,p.R249S,GMNRSPILT,2,P53_HUMAN
TP53,p.R249S,GGMNRSPIL,2,P53_HUMAN
TP53,p.R249S,NRSPILTIIT,2,P53_HUMAN
TP53,p.R249S,CMGGMNRSPIL,2,P53_HUMAN
TP53,p.R249S,SPILTIITL,2,P53_HUMAN
TP53,p.R249S,SPILTIITLED,2,P53_HUMAN
TP53,p.R249S,GMNRSPILTI,2,P53_HUMAN
TP53,p.R249S,SCMGGMNRS,2,P53_HUMAN
TP53,p.R249S,GGMNRSPILT,2,P53_HUMAN
TP53,p.R249S,GMNRSPILTII,2,P53_HUMAN
TP53,p.R249S,MGGMNRSPILT,2,P53_HUMAN
TP53,p.R249S,MNRSPILTI,2,P53_HUMAN
TP53,p.R249S,NRSPILTIITL,2,P53_HUMAN
TP53,p.R249S,RSPILTIITLE,2,P53_HUMAN
TP53,p.R249S,NRSPILTII,2,P53_HUMAN
TP53,p.R249S,RSPILTIIT,2,P53_HUMAN
TP53,p.R249S,SSCMGGMNRSP,2,P53_HUMAN
TP53,p.R249S,SCMGGMNRSPI,2,P53_HUMAN
TP53,p.R337C,FTLQIRGRECF,2,P53_HUMAN
TP53,p.R337C,RECFEMFRE,2,P53_HUMAN
TP53,p.R337C,FTLQIRGREC,2,P53_HUMAN
TP53,p.R337C,TLQIRGRECF,2,P53_HUMAN
TP53,p.R337C,LQIRGRECFEM,2,P53_HUMAN
TP53,p.R337C,ECFEMFREL,2,P53_HUMAN
TP53,p.R337C,LQIRGRECF,2,P53_HUMAN
TP53,p.R337C,GRECFEMFRE,2,P53_HUMAN
TP53,p.R337C,GRECFEMFR,2,P53_HUMAN
TP53,p.R337C,IRGRECFEM,2,P53_HUMAN
TP53,p.R337C,RGRECFEMF,2,P53_HUMAN
TP53,p.R337C,CFEMFRELN,2,P53_HUMAN
TP53,p.R337C,CFEMFRELNEA,2,P53_HUMAN
TP53,p.R337C,TLQIRGRECFE,2,P53_HUMAN
TP53,p.R337C,QIRGRECFEMF,2,P53_HUMAN
TP53,p.R337C,RGRECFEMFR,2,P53_HUMAN
TP53,p.R337C,RECFEMFREL,2,P53_HUMAN
TP53,p.R337C,CFEMFRELNE,2,P53_HUMAN
TP53,p.R337C,IRGRECFEMF,2,P53_HUMAN
TP53,p.R337C,LQIRGRECFE,2,P53_HUMAN
TP53,p.R337C,YFTLQIRGREC,2,P53_HUMAN
TP53,p.R337C,GRECFEMFREL,2,P53_HUMAN
TP53,p.R337C,RECFEMFRELN,2,P53_HUMAN
TP53,p.R337C,ECFEMFRELNE,2,P53_HUMAN
TP53,p.R337C,IRGRECFEMFR,2,P53_HUMAN
TP53,p.R337C,QIRGRECFE,2,P53_HUMAN
TP53,p.R337C,RGRECFEMFRE,2,P53_HUMAN
TP53,p.R337C,ECFEMFRELN,2,P53_HUMAN
TP53,p.R337C,TLQIRGREC,2,P53_HUMAN
TP53,p.R337C,QIRGRECFEM,2,P53_HUMAN
TP53,p.F270L,GRNSLEVRV,2,P53_HUMAN
TP53,p.F270L,NLLGRNSLEV,2,P53_HUMAN
TP53,p.F270L,GRNSLEVRVCA,2,P53_HUMAN
TP53,p.F270L,RNSLEVRVCA,2,P53_HUMAN
TP53,p.F270L,SSGNLLGRNSL,2,P53_HUMAN
TP53,p.F270L,LEVRVCACPG,2,P53_HUMAN
TP53,p.F270L,LGRNSLEVRVC,2,P53_HUMAN
TP53,p.F270L,LGRNSLEVRV,2,P53_HUMAN
TP53,p.F270L,RNSLEVRVC,2,P53_HUMAN
TP53,p.F270L,GNLLGRNSL,2,P53_HUMAN
TP53,p.F270L,NLLGRNSLE,2,P53_HUMAN
TP53,p.F270L,NLLGRNSLEVR,2,P53_HUMAN
TP53,p.F270L,SGNLLGRNSL,2,P53_HUMAN
TP53,p.F270L,NSLEVRVCAC,2,P53_HUMAN
TP53,p.F270L,SLEVRVCACPG,2,P53_HUMAN
TP53,p.F270L,SGNLLGRNSLE,2,P53_HUMAN
TP53,p.F270L,SLEVRVCAC,2,P53_HUMAN
TP53,p.F270L,LLGRNSLEVRV,2,P53_HUMAN
TP53,p.F270L,LLGRNSLEV,2,P53_HUMAN
TP53,p.F270L,GNLLGRNSLE,2,P53_HUMAN
TP53,p.F270L,SLEVRVCACP,2,P53_HUMAN
TP53,p.F270L,LEVRVCACPGR,2,P53_HUMAN
TP53,p.F270L,LGRNSLEVR,2,P53_HUMAN
TP53,p.F270L,GRNSLEVRVC,2,P53_HUMAN
TP53,p.F270L,NSLEVRVCA,2,P53_HUMAN
TP53,p.F270L,GNLLGRNSLEV,2,P53_HUMAN
TP53,p.F270L,RNSLEVRVCAC,2,P53_HUMAN
TP53,p.F270L,LEVRVCACP,2,P53_HUMAN
TP53,p.F270L,NSLEVRVCACP,2,P53_HUMAN
TP53,p.F270L,LLGRNSLEVR,2,P53_HUMAN
TP53,p.H179R,RCPHRERCSDS,2,P53_HUMAN
TP53,p.H179R,RCPHRERCSD,2,P53_HUMAN
TP53,p.H179R,HRERCSDSDG,2,P53_HUMAN
TP53,p.H179R,VRRCPHRER,2,P53_HUMAN
TP53,p.H179R,MTEVVRRCPHR,2,P53_HUMAN
TP53,p.H179R,TEVVRRCPHR,2,P53_HUMAN
TP53,p.H179R,RCPHRERCS,2,P53_HUMAN
TP53,p.H179R,CPHRERCSDSD,2,P53_HUMAN
TP53,p.H179R,VVRRCPHRERC,2,P53_HUMAN
TP53,p.H179R,CPHRERCSD,2,P53_HUMAN
TP53,p.H179R,RRCPHRERC,2,P53_HUMAN
TP53,p.H179R,VVRRCPHRE,2,P53_HUMAN
TP53,p.H179R,EVVRRCPHRER,2,P53_HUMAN
TP53,p.H179R,HRERCSDSDGL,2,P53_HUMAN
TP53,p.H179R,VRRCPHRERC,2,P53_HUMAN
TP53,p.H179R,EVVRRCPHRE,2,P53_HUMAN
TP53,p.H179R,HRERCSDSD,2,P53_HUMAN
TP53,p.H179R,PHRERCSDSD,2,P53_HUMAN
TP53,p.H179R,PHRERCSDSDG,2,P53_HUMAN
TP53,p.H179R,RERCSDSDG,2,P53_HUMAN
TP53,p.H179R,CPHRERCSDS,2,P53_HUMAN
TP53,p.H179R,PHRERCSDS,2,P53_HUMAN
TP53,p.H179R,VRRCPHRERCS,2,P53_HUMAN
TP53,p.H179R,RERCSDSDGLA,2,P53_HUMAN
TP53,p.H179R,TEVVRRCPHRE,2,P53_HUMAN
TP53,p.H179R,EVVRRCPHR,2,P53_HUMAN
TP53,p.H179R,RRCPHRERCS,2,P53_HUMAN
TP53,p.H179R,RRCPHRERCSD,2,P53_HUMAN
TP53,p.H179R,VVRRCPHRER,2,P53_HUMAN
TP53,p.H179R,RERCSDSDGL,2,P53_HUMAN
TP53,p.R158H,HAMAIYKQSQ,2,P53_HUMAN
TP53,p.R158H,TPPPGTRVH,2,P53_HUMAN
TP53,p.R158H,VHAMAIYKQ,2,P53_HUMAN
TP53,p.R158H,PPPGTRVHA,2,P53_HUMAN
TP53,p.R158H,PGTRVHAMAI,2,P53_HUMAN
TP53,p.R158H,PGTRVHAMA,2,P53_HUMAN
TP53,p.R158H,GTRVHAMAIYK,2,P53_HUMAN
TP53,p.R158H,HAMAIYKQS,2,P53_HUMAN
TP53,p.R158H,TRVHAMAIYKQ,2,P53_HUMAN
TP53,p.R158H,HAMAIYKQSQH,2,P53_HUMAN
TP53,p.R158H,PGTRVHAMAIY,2,P53_HUMAN
TP53,p.R158H,PPGTRVHAM,2,P53_HUMAN
TP53,p.R158H,RVHAMAIYKQ,2,P53_HUMAN
TP53,p.R158H,GTRVHAMAIY,2,P53_HUMAN
TP53,p.R158H,PPGTRVHAMA,2,P53_HUMAN
TP53,p.R158H,PPPGTRVHAM,2,P53_HUMAN
TP53,p.R158H,TRVHAMAIY,2,P53_HUMAN
TP53,p.R158H,GTRVHAMAI,2,P53_HUMAN
TP53,p.R158H,RVHAMAIYKQS,2,P53_HUMAN
TP53,p.R158H,TPPPGTRVHA,2,P53_HUMAN
TP53,p.R158H,STPPPGTRVH,2,P53_HUMAN
TP53,p.R158H,VHAMAIYKQSQ,2,P53_HUMAN
TP53,p.R158H,DSTPPPGTRVH,2,P53_HUMAN
TP53,p.R158H,PPGTRVHAMAI,2,P53_HUMAN
TP53,p.R158H,TRVHAMAIYK,2,P53_HUMAN
TP53,p.R158H,TPPPGTRVHAM,2,P53_HUMAN
TP53,p.R158H,VHAMAIYKQS,2,P53_HUMAN
TP53,p.R158H,RVHAMAIYK,2,P53_HUMAN
TP53,p.R158H,PPPGTRVHAMA,2,P53_HUMAN
TP53,p.R158H,STPPPGTRVHA,2,P53_HUMAN
TP53,p.P151T,PVQLWVDSTT,2,P53_HUMAN
TP53,p.P151T,TPPGTRVRA,2,P53_HUMAN
TP53,p.P151T,PVQLWVDSTTP,2,P53_HUMAN
TP53,p.P151T,DSTTPPGTRVR,2,P53_HUMAN
TP53,p.P151T,STTPPGTRVR,2,P53_HUMAN
TP53,p.P151T,DSTTPPGTRV,2,P53_HUMAN
TP53,p.P151T,TPPGTRVRAM,2,P53_HUMAN
TP53,p.P151T,TTPPGTRVRAM,2,P53_HUMAN
TP53,p.P151T,WVDSTTPPG,2,P53_HUMAN
TP53,p.P151T,VDSTTPPGTR,2,P53_HUMAN
TP53,p.P151T,LWVDSTTPP,2,P53_HUMAN
TP53,p.P151T,TTPPGTRVR,2,P53_HUMAN
TP53,p.P151T,LWVDSTTPPG,2,P53_HUMAN
TP53,p.P151T,STTPPGTRVRA,2,P53_HUMAN
TP53,p.P151T,VQLWVDSTTPP,2,P53_HUMAN
TP53,p.P151T,TTPPGTRVRA,2,P53_HUMAN
TP53,p.P151T,CPVQLWVDSTT,2,P53_HUMAN
TP53,p.P151T,WVDSTTPPGT,2,P53_HUMAN
TP53,p.P151T,QLWVDSTTPP,2,P53_HUMAN
TP53,p.P151T,VDSTTPPGT,2,P53_HUMAN
TP53,p.P151T,VDSTTPPGTRV,2,P53_HUMAN
TP53,p.P151T,LWVDSTTPPGT,2,P53_HUMAN
TP53,p.P151T,DSTTPPGTR,2,P53_HUMAN
TP53,p.P151T,TPPGTRVRAMA,2,P53_HUMAN
TP53,p.P151T,VQLWVDSTT,2,P53_HUMAN
TP53,p.P151T,STTPPGTRV,2,P53_HUMAN
TP53,p.P151T,WVDSTTPPGTR,2,P53_HUMAN
TP53,p.P151T,QLWVDSTTP,2,P53_HUMAN
TP53,p.P151T,VQLWVDSTTP,2,P53_HUMAN
TP53,p.P151T,QLWVDSTTPPG,2,P53_HUMAN
